hhconnection,pubtapstandpipe,tubewellborehole,prowell,prospring,rainwater,unprowell,unprospring,carttruck,bottled,surface,otherwater,missingwater,improvedotherwater,unimprovedotherwater,halfimprovedwater,unknownwater
....piped into dwelling,....piped - public,....tube well or borehole,....dug well - protected,....spring water protected,Agua de lluvia,....dug - well unprotected,....spring water unprotected,..buy water from a car,..bottled water,..nile/canals,7. Otro,BO,..well in residence,agua por acarreo,PLACEHOLDER,nascente
....piped into yard/plot,..public tap,3 Hand pump,..well in yard/plot,arroyo protegido,agua de lluvia,..public well,agua de manantial,"5. De carro cisterna, pick up con barriles",6. Compran agua purificada,"3. De manantial, ojo de agua",88. Otro,dk,Agua de paja (patio),along the road,,Source
..piped into residence,2. Chorro compartido (común),4 Moterized pumping,6 Closed well,covered spring,agua de lluvia (en depósito o cisterna),2. De pozo,Bunar ili vrelo,8 Tanker/ truck / person who bring water,agua de botellones (procesada),"4. De río, riachuelo, lago o laguna",9 Other,Don t know,Agua de paja dentro vivienda,Aqueduct and tankers,,"Source,cours d eau"
..piped into yard/plot,3. Chorro público,artesian well,8. Pozo privado,developed spring,agua lluvia,5 Open well,Ghanat or spring,autotanque,agua de funditas plasticas,"6. Río, lago o manantial",another,don't know,agua del vecino o de un familiar,Backstop,,"source,cours d eau"
1 Piped water within the house,agua de la llave publica,artesian/tube well or borehole,"Borehold/well, protected",filtered spring water,Agua lluvia,5. Pozo público,Manantial (puquio),Autre vendeur,agua embotellada,7 Canal / River/ stream/pond,Another,Don't know,agua filtrada,de la pluma,,
1. Chorro particular,agua de llave publica,barehole,closed well,Filtered spring water,Agua Lluvia,agua de pozo,manantial no protegido,bought,Agua Embotellada,acude,Another way,Don't know/no response,Agua purificada,dugout,,
1. De tuberia (dentro o fuera de la vivienda),agua entubada de llave pública,Bore hold or hand pump,Closed well,improved spring,aljibe,AGUA DE POZO,manantial/noria,Bought water,agua engarrafada,Acude,autre,inconnu,Alternative housing,fonte ou po‡o nao protegido,,
2 Piped water outside the house,Agua por tuberia de pila o grifo publico,Bore hole,covered pool,manantial protegido,ALJIBE,agua de pozo dentro del terreno,nascente não protegido,"bought water (in tank, bottle)",botted water,agua de superficie,Autre,Manquant,arranged source,FUERA 100+ MTS.,,
4. Chorro del vecino,agua por tuberia de pila o grifo publico,bore hole,covered public well,nascente protegido,Aljibe,agua embasada,natural spring,Bouser/tanker,Botteled water,"agua de un pozo, río, lago, arroyo",autre ( a preciser),manquant,balli,FUERA < 100 MTS.,,
7. De pipa,Battery or Jet Public,"Bore hole, tube or mechanical well",covered well,protected dug well or protected spring,Catchment,common well,non protected spring,bouser/tanker,Bottled,"agua por acarreo (arroyo, jaguey, rio, etc.)",autre (preciser),Missing,Boiled,gathered,,
acqueducto veredal,borne fontaine,Bore hole/hand pump,Covered Well,Protected dug well or protected spring,Catchment,communal water well,ojo de agua o manantial,brought in water (truck),bottled,"agua por acarreo (pozo, arroyo, jaguey)",autre … pr‚ciser,missing,Chlorinated,local watersupply,,
acueducta veredal,Borne fontaine,bore-hole,Covered well,protected dug well/spring,catchment tank,Communal wellundeveloped,open spring,brought-in water (truck),bottled (distilled)water,agua recogida directamente de una charca o arroyo,autres,n d,dans la concession/parcelle,Matfiacollective,,
Acueducto de la comunidad,borne fontaine/kiosque,Borehole,covered well - into dwelling,protected public well/spring,Catchment tank,de pozo,other spring,buy from pric. indiv,Bottled Water,arroyo sin proteger,no pipe from another source,na,dans la cour/parcelle,Mufuku,,
acueducto de la comunidad,borne fontaine/kiosque ... eau,borehole,covered well - into yard/plot,Protected spring,charrette avec petite citerne/tonneau,dug unprotected well,poço ou fonte não protegido,buy from priv. indiv,Bottled water,barrage,no tiene,nao sabe,Dans la cours/parcelle,no piped water,,
Acueducto particular,borne fontaine/kiosque à eau,borehole /pump,covered well - public,protected spring,Charrette avec petite citerne/tonneau,dug well,public well (spring),buy water from someone,bottled water,"Barrage,rivieres, Cours d'eau,","Non-network source, unspecified",ne sait pas,"De otra vivienda, vecino/empresa",No piped water,,
acueducto particular,borne publique,borehole ?,Covered well elsewhere,Protected Spring,Cistern,dug well - unprotected,rain water/spring,"cami_n, carreta o pipa",bottled water /demi john,"bassia,rio ou corrente",Orther,NIU (not in universe),de otra vivienda/vecino,not piped,,
acueducto público,canilla publica,borehole in yard/plot,covered well in compound/plot,protected spring/karez,cistern,dug well/bucket,spring,camiao-cisterna de destribui‡ao de agua,Bottled water from stores,Battery or public stream,Ostalo,no answer or dk,de otra vivienda/vecino/empresa,ource non protegee,,
Acueducto público,CANILLA PUBLICA,borehole off site,Covered well in residence/ yard/ plot,protected springs,cistern/tank,furo,Spring,camio o tanque aguatero,Bottled water-tellada,berkad,Other,no especificado,Dentro da casa,public,,
acueducto veredal,Canilla pública,borehole on site,"covered well/borehole, public",protected well or spring,Cisterna,ground water (> 5 meters),Spring,Camio o tanque aguatero,bottled water/demijohn,canal,Other,no responde,Dentro de la vivienda,public water,,
Acueducto veredal,canilla pública,borehole or tube well,"duct, protected well",protected well/spring,cisterna,Ground-hole,Spring (not covered),camion,bottled water/refilling station,canal/river,other,No Response / Blank,Dentro la viv.,public watersupply,,
agua canalizada con una conexión en la casa o en el jardín,ca¤er¡a colectiva,borehole or tubewell,dug protected well,protected well/spring in yard/plot,citern.e.plui p/pr.,neighbor's open well,spring (out of conc),Camion citerne,bottled/purified water,Canal/River/Stream,other                                     {from 96},NO SABE,Dentro la vivienda,SE LA REGALAN,,
agua canalizada dentro de casa,ca¤er¡a p£blica,borehole public,dug well - protected,"protected, dug well or spring",Citerne eau pluie,neighbour's open well,Spring (unprotected),camion citerne,bottled/sachet water,canal/river/stream,other (in concession,no sabe,DENTRO VIVIENDA,Se la regalan,,
agua canalizada em casa,caño vertical pública,borehole with pump,fonte ou po‡o protegido,Spring (covered),colección de aguas lluvia,no pipe Well winch,spring - unprotected,camion citerne vendeur d'eau,bottler water,channel of river,Other (Specify),none,destilada,sonede,,
agua canalizada no quintal,caño vertical público,borehole with pump in residence,have a well in your yard,Spring (protected),Collected rain water,non proteceted well,Spring or rain water,"camion citerne, vendeur d'eau",bottlet water,"charca/estanque, rio arroyo",Other (specify),not a de-jure resident,filtrada,souce non amenagee,,
agua de chorro (dentro de la casa),chafariz,borehole with pump outside residence,mod. public well,spring - protected,collected rainwater,non protected well,spring or well,"camion citerne, vendeur eau",bought/bottled,"charca/estanque, río o arroyo",other (specify),not a dejure place of residence,Fora da casa/quintal,souce not protected,,
agua de chorro (patio),"chafariz, fontenário",borehole/ tubewell,mod. well in resid.,Spring covered,de lluvia,open dug well,Spring or well,"camion citerne,vendeur d'eau",branded bottled water,Coverd pond,Other non-network source,not a dejure resident,foundatin- Nabah,source,,
agua de pipa,CHORRO COMPARTIDO,borehole/hand pump,neighbor well,Spring protected,drums,open public well,Spring un protec,camion citerne/vendeur d'eau,buy mineral water,"creek, spring, river, lake",other source,not applicable,fuente de agua protegida,source non amenagee,,
agua de tuberia en el patio o lote,chorro compartido (común),borehole/pump,Per carry private well,springs protected,eau de pluie,open public well {cg},Spring uncovered,camion o tanque aguatero,de botella,creek/river,Other source,not de jure resident,Fuente de agua protegida,source non aménagée,,
agua de tuberia en la casa,Chorro publico,borehole/well,pozo p_blico o privado,Well or Spring- Protected,Eau de pluie,open well,spring unprotected,camion sisterna,eau en bouiteille,dam,other source for water,not de-jure resident,FUENTE PROTEGIDA,source non protegee,,
agua de tubería en el patio o lote,chorro publico,boreholes/protected wells,pozo privado,village hydraulics / other protected well,eau de pluie (sans systeme de captage),Open well,spring water,camion tanque,eau en boutaille,Dam,other sources,not dejure member,Fuera de la vivienda,Source non protegee,,
Agua de tubería en el patio o lote,CHORRO PUBLICO,common pump,Pozo privado,,eau de pluie / citerne,open well (< 5 meters),Spring water,camion tanque (para tomar),Eau en bouteille,dam/lake/canal,other sources of water,not dejure resident,Fuera de vivienda,source non proteg‚e,,
agua de tubería en la casa,chorro público,communal water pump,POZO PRIVADO,,eau de pluie collect‚e,open well (<= 5 meters),"spring, kuwa",camion tanque/aguatero,eau en bouteille,Dam/lake/pan,other tank/pond,not in de jure sample,Fuera viv. Dent.edi,source non prot‚g‚e,,
Agua de tubería en la casa,commnal tap,covered public well/ borehole,pozo protegido,,eau de puitollection,open well - in dwelling,"spring, not improved",camion tanquero,eau en bouteille/minerale,dam/lake/pan,Other Types,not known,Fuera viv. y edif.,source non protégée,,
Agua Encanada(cozi.),common distribution from network,covered well/ brohole in yard/ plot,pozo protegido/cubierto,,ice/snow,open well - in yard/plot,Spring-fountain,CAMION TANQUERO,eau minerale,dam/lake/pond,Other(in hh),not reported,Fuera viv.Dent.edi,stationary tank /pool,,
agua encanada(cozi.),common pipe,covered well/borehole in the yard,Pozo publico o privado,,jabia/rain/harvested,open well - into dwelling,Spring/Fountain,"Camion, carreta o pipa",eau minerale (bouteille/sachet),dam/lake/pond/canal/irrigation channel,other(out of concess,not specified,Fuera viv.y edif.,Traditional way for collecting water,,
agua encanada(quin.),Communal Stand Pipe,deep tubewell,pozo publico o privado,,Jabia/rain/harvested,open well - into yard/plot,Spring/well/borehole,"camion, carreta o pipa",eau minerale/eau de table,Dam/Pan,Other(outside hh),not stated,Fuera viv.y edificio,Truck pipe water,,
Agua Encanada(quin.),Communal standpipe/bolehole,deep well/pump,Pozo sanitario,,Lluvia,open well - public,spring/well/borehole,"Camion, citerne",mineral water,dam/pan,other(specify),Not stated,FUERA/DENTRO PROP.,"Truck, Wagon or Pipe",,
agua entubada con una conexión en la casa o en el jardín,Communal standpipe/borehole,Deet tubewell,pozo sanitario,,lluvia,open well /hole/cesspool in residence,springs,"camion, tanque aguat",sachet water,Dam/pan/lake,other/ not stated,Not Stated,gfs,Unsafe drinking water,,
agua entubada de otra vivienda,Communal tap,deet tubewell,pozo subterraneo protegido o fuente protegida,,"Lluvia, tanque...",open well /hole/cesspool outside residence,sprong/kuwa,"camion, tanque, otro vendedor",sachet/bottled water,Dam/pool,other___________________,not stated/missing,gravity flow scheme,Water refill,,
agua entubada dentro de la vivienda,communal tap,drill wells / pumps,pozo subterráneo protegido o fuente protegida,,LLUVIA/TANQUE,open well at neighbour,uncovered spring,Cami¢n tanque,satchel water,dam/river/stream/spring,others,Notappl,gravity flow water,without drinking water,,
agua entubada fuera de la vivienda pero en el terreno,Communal tap outside locality,Drilling,poço ou fonte de água protegida,,lluvia/tanque,Open well elsewhere,undeveloped spring,cami¢n tanque agua.,water sachets (pure water),dam/stagnant water,Others,NR,in building,,,
"agua entubada fuera de la vivienda pero si en el edificio, vecindad o",Communal tap within locality,drilling equipped with pump,poço protegido,,lluvia/tanque/aljibe,open well in compound/plot,unprotect spring,Cami¢n tanque agua.,Água engarrafada/mineral,decanter,others (specify),NS,In community,,,
agua por pipa,community stand pipe,forage,Priv well protec,,other rain water,open well in dwelling,Unprotected dug well or spring,"cami¢n, tanque agua",,Dugout/pond/dam,otra,ns/nr,in neighbor's land,,,
agua por pipa del servicio particular,Comunal tap,Forages,private dwelling,,other rainwater,"open well in dwelling, yard/plot {cg}",unprotected dug well or spring,"cami¢n, tanque aguat",,dugout/pond/lake/dam,Otra,nsp,in own land,,,
agua por pipa del servicio publico,de una llave pública (o hidratante),furo com bomba,Private Well,,"pirvate catchment, not piped",open well in dwelling/yard,unprotected dug well or unprotected spring,"Cami¢n, tanque aguat",,dugout/pond/lake/dam/pool,otra fuente,NZ,in residence,,,
agua por tuberia de pila o grifo privado,"del acueducto,  llave publica",Hand pump,Private well,,Pluie,open well in residence,unprotected dug well/spring,camião cistern,,Eau de surface,Otra fuente,não resposta,in the courtyard,,,
Agua por tuberia de pila o grifo privado,"del acueducto,  llave pública",Hand Pump,private well,,Pozo o aljibe,Open well in residencey/ yard/ plot,unprotected dug well/unprotected spring,camião cisterna,,eau de surface,otras (especifique),pas de reponse ou nsp,in the house,,,
agua por tuberia dentro de la vivienda,"del acueducto, llave publica",hand pump,Private well (protected),,pozo o aljibe,open well in yard,unprotected public well/spring,camião cisterna de distribuição,,External channel,otro,Sem info,inside dwelling,,,
Agua por tuberia dentro de la vivienda,fontaine,hand pump in resid,protect public well,,Precipitation,open well in yard /plot,Unprotected spring,camión,,flowing river,OTRO,Unknown,inside neighbor's house,,,
"agua por tuberia fuera de la vivienda, dentro del terreno",Fontaine publique,Hand pump in residence/ yard/ plot,protect. well /borehl,,"priv. catchment, not piped",open well in yard/ plot,unprotected spring,Camión aguatero,,Flowing river,Otro,unknown,inside the house,,,
"Agua por tuberia fuera de la vivienda, dentro del terreno",fontaine publique,hand pump in the household,Protected Dug Well,,Private catchment,open well in yard/compound,Unprotected Spring,Camión repartidor,,flowing river/stream,otro fuente,unspecified,Internal channel,,,
"agua por tuberia fuera de la vivienda, dentro del terreno ",FontaineFree,hand pump outside the household,protected dug well,,Private Catchment,open well in yard/plot,unprotected well or spring,camión tanque,,flowing water,"Otro, cual",,mains <=200m,,,
agua tuberia red publica dentro vivienda,Fontainepay,Hand pump/borehole/protected well,Protected dug well,,Private catchment not piped,Open well in yard/plot,unprotected well/spring,"camión, carreta o pipa",,FUENTE NATURAL,"otro, cual?",,mains >200m,,,
agua tuberia red publica fuera vivienda,Fontaines publiques,hand/pump well,protected dug well in dwelling/yard/plot,,private catchment not piped,open well water,unprotected well/spring in yard/plot,"camión, tanque, otro vendedor",,"Fuente natural: rio, quebrada, naciente, vertiente, lago",outra,,MANGUERA,,,
aqua duct,fontenário,Handpump in residence/yard/plot,Protected dug well/spring,,Private Catchment Not Piped,open well with sump pump,Uprotected Spring,"Camión, tanque, otro vendedor",,"fuente natural:rio, quebrada, naciente, vertiente, lago",outras,,Manguera (fuente no especificada),,,
Aqueduct,Fountain,handpump in residence/yard/plot,protected public dug well,,private catchment not piper,open well without sum pump,Waterhole or spring,"camión-tanque, vendedor",,improved stream,Outro,,Matfiaprivate,,,
aqueduct. public net,fountain,handpump in yrd /plot,Protected public well,,"Private catchment, not piped",open well without sump pump,well /spring outside,camión/carreta/pipa,,irrigation canal,outro,,Na casa do vizinho,,,
Aqueductoutside the house,Have access to public piped water,handpump in yrd/plot,protected public well,,private catchments,open well/hole/cesspool in residence,well or spring,"camoin/tanque, vendedor",,irrigation ditch,per carry other,,neighbor - unspecifi,,,
canalização externa,Hydrant,handpump/tubewell water,protected waterhole,,"private catchments, not piped",open well/hole/cesspool outside residence,Well or spring,carro con sifón,,lac,,,Neighbors,,,
canalização interna,inside standpipe,manual /mechanical well,Protected well,,private catchments/rainwater,outside dwelling / within resinct,Well or Spring- Unprotected,carro repartidor,,lac/riviere/ruisseau,,,Neighbour,,,
ca¤er¡a privada,Javna cesma,manual pumped water,Protected Well,,Private vat / drum / well not piped,Outside the field- well,"well, well or spring water",Carro Repartidor,,"lago, laguna",,,neighbour,,,
cañeria (chorro) del vecino,jetpublic,mechanical pump well,protected well,,"private, vat/drum/well, not piped",Outside the home but within the field- well,well/spring inside,CARRO REPARTIDOR (TANQUERO),,"lagoa, rio ou riacho",,,neighbouring,,,
cañeria (chorro) dentro de la vivienda,llave fuera de la propiedad a 100 metros o mas,motor pump in the household,protected well - in dwelling,,private- rain water,Poco,well/spring outside,carro repartidor/triciclo,,"lagoa, rio, ribeiro",,,"Network, type not specified",,,
cañeria (chorro) fuera de la vivienda pero dentro de la propiedad,llave fuera de la propiedad a menos de 100 metros,motor pump outside the household,protected well - in yard/plot,,protected rainwater collection,poco,wells/spring,cart with small tank,,lake,,,of a neighbor,,,
cañería al hogar,llave publica,motorized pumping/tube well,protected well - public,,Public catchment,pozo,ÿspring,Cart with small tank/ drum,,Lake,,,olho d agua/mina,,,
centralized pipeline,llave pública,Motr. Pumping/Tube well,protected well / borehole in dwelling,,Rain,Pozo,ÿspring                                   {from 41},cart with small tank/drum,,"lake, pond",,,Olho D agua/Mina,,,
centralized water pipe,neighbors stand pipe,motr. pumping/tube well,Protected well /Borehole in yard/plot,,rain,POZO ABIERTO,ÿû spring,cart with tank/drum,,"lake, pond, dam",,,otra vivienda,,,
CHORRO DE VECINO,of water public stand pipe,neighbor's borehole,protected well in dwelling,,Rain catchment,pozo brocal no protegido,,COMPRAN,,"lake, river, etc.",,,outside house,,,
chorro de vecino,pila o chorro público,no pipe well with electric pump,protected well in dwelling or yard/plot {cg},,Rain catchment tank,Pozo brocal no protegido,,delivered by water distributor,,"lake, river, stream",,,own system of water supply,,,
chorro del vecino,pila o llave publica,no pipe well with hand pump,protected well in dwelling/yard/plot,,rain water,pozo colectivo,,delivery/water seller,,lake-river,,,pil¢n,,,
chorro en casa,pila publica,open well with sum pump,protected well in someone else's yard/plot,,Rain water,Pozo colectivo,,la compran,,lake/ pond/ stream,,,Pil¢n,,,
CHORRO EN CASA,Pila publica,Outside the field- Drilling motor pump,protected well in yard,,rain water system,pozo en la casa,,La compran/carro cisterna,,lake/dam,,,pretected source,,,
CHORRO EN PATIO,pila p£blica,Outside the field- Drilling with hand pump,protected well in yard/ compound,,rain water tank,pozo malacate (sin bomba),,Mobile Tanker,,Lake/Dam,,,Priv. in house,,,
chorro en patio,Pila p£blica,Outside the home but within the field- Drilling motor pump,protected well in yard/plot,,Rain water tank,Pozo malacate (sin bomba),,no pipe street vendors,,lake/pond,,,Priv. outside,,,
CHORRO PARTICULAR,"pila, tanque público",Outside the home but within the field- Drilling with hand pump,protected well outside premises,,rain watertank,pozo no protegido/descubierto,,Outside the field- Transport by tanker,,"Lakes, creeks",,,private,,,
chorro particular,Pilon for public use,POZO C/BOMBA DE MANO,Protected well within premises,,"rain, others",pozo o aljilbe,,Outside the home but within the field- Transport by tanker,,levada,,,private aqueduct,,,
"Compra particular de puesto, pipo o vecino",pilon/grifo publico,POZO C/BOMBA ELECTRICA,"Protected well, spring",,"Rain, rain tank tank",Pozo o noria,,per carry trank truck,,Levada *,,,private not piped,,,
cut official pipe,Pilón? / Public Tap,POZO CON BOMBA,protected without pump,,rain-water tank,pozo publico,,Public Tank,,manantial (puquio),,,Private system,,,
cut pipe,piped - public tap / standpipe,Pozo con bomba (electrica o manual),protected/covered well,,rain/snow water collection,Pozo publico,,pump trucks,,"manantial, rio o arroyo",,,private- not piped,,,
de la llave/cisterna del vecino,piped - public tap/kiosk (free),pozo con bomba (electrica o manual),Pub. well protec,,Raining water,POZO PUBLICO,,purchase,,"manantial, rio, arroyo, canal",,,private/not piped,,,
de la red pública dentro de la vivienda,piped - public tap/kiosk (paid for),pozo con bomba de mano,public /private well,,rainwater,pozo p£blico,,Purchase ofwater truck,,"Manantial, r¡o...",,,protected source,,,
DE PIPA,piped into pub. yard,Pozo con bomba electrica,public covered well,,Rainwater,pozo público,,Purchasebuckets,,"manantial, río o arroyo",,,"protected, pumped {cg}",,,
de pipa,piped public fountain,pozo con bomba electrica,Public covered well,,Rainwater (into tank or cistern),pozo sin bomba,,purchased water,,mare ruisseau ou fleuve,,,Public service: inside dwelling,,,
de una pipa del servicio particular,piped public tap,pozo con tuberia/bomba,Public or private well,,rainwater (tank),POZO SIN BOMBA,,Purchasetreated water,,"mare, lac",,,"Public service: outside dwelling, inside building",,,
de una pipa del servicio publico,piped water  (public tap),pozo con tubería/pozo con bomba,public protected well,,rainwater - public or community tank,Pozo sin bomba,,retail plumber,,"mare, ruisseau ou fleuve",,,"Public service: outside dwelling, inside building (pylon)",,,
del acueducto del patio de la casa,Piped water community supply,Pozo Mecanico,Public well (protected),,rainwater - tank in compound,pozo sin bomba de mano,,revendeur d'eau,,mare/ riviere/ruisseau/lac,,,Public system,,,
del acueducto dentro de la casa,piped water elsewhere,pozo mecanico,"public well, cement, covered",,rainwater /tank/ciste,pozo sin proteger,,Seller Water,,mare/fleuve ou ruisseau,,,Public System,,,
del acueducto en el patio de la casa,piped water in public key (or hydrant),pozo mecánico/manual,public/neighbor's well,,rainwater cistern,pozo subterraneo sin protección o fuentes sin protección,,tank,,mare/lac/marigot,,,puits ds logement,,,
del acueducto fuera de la casa(acera),"Piped water outside, public fountain",pozo protegido o agujero perforado en el suelo,Puits busés fermés,,rainwater collected in tank,pozo subterráneo sin protección o fuente sin protección,,Tank,,mare/ruisseau/cours d'eau river or stream,,,pure drinking water,,,
desalinated piped,piped water-public tap,POZO S/BOMBA DE MANO,Puits busés simples,,Rainwater collection,Pozos o noria,,tank car,,Marigot,,,purified water,,,
eau  robinet dans  logement,"piped, public utilit",Private borehole,puits protege,,rainwater collection,poço,,Tank Driving,,"marigot,lac",,,residence/yard/plot,,,
eau  robinet dans cour/ parcelle,Power supply (with installation inside the house)- Community public water,private pump,Puits protege,,rainwater in a cistern,Poço não protegido,,Tank truck,,"Marigot,lac",,,rural /priv. aqueduct,,,
Eau courante,Power supply (with installation outside the house)- Community public water,protect. well/borehl,puits protegeing,,rainwater in patio,poço não protegido,,Tank Truck,,nile /canals,,,safe water (ok by our definition),,,
Eau courante … dom.,private outside standpipe/tap,protected public well / borehole,puits proteges,,rainwater in tank/barrel,Priv well un pro,,tank wagon,,"nile, canal",,,"Safe/improved (Hand pump – public, Hand pump – in compound, Bored well – hand pump, Bored well motorized, Spring – protected, Pipe scheme – gravity, Pipe scheme motorized, Pipe scheme – municipal, Bowser/water tanker)",,,
eau de robinet dans la cour,pub pipe,Protected tube well or bore hole,puits proteg‚,,rainwater tank,Private well (un-protected),,"tank, ponds reserved for drinking",,no pipe of river or spring,,,"si, dentro de la viv",,,
eau de robinet dans la cour / parcelle,public aqueduct,protected well / borehole in yard /plot,puits protégé,,rainwater tank on site,Private well (unprotected),,tanker,,non-protected surface water {cg},,,"si, fuera de la viv",,,
eau de robinet dans la cours,public faucet,protected well/boreh,take from other private well,,"rainwater, fixed tank",Pub well un prot,,Tanker,,ocean/lake,,,source amenagee,,,
eau de robinet dans la parcelle voisine,public Fountain,Proveniente de poço ou furo protegido com bomba manual,water from hand-dug and reinforcement wells,,"rainwater, snow",public open well,,Tanker service,,"Ojo de Agua, River or Creek",,,source aménagée,,,
eau de robinet dans le llogement,public fountain,public bore hole,"water from hand-dug, non-reinforced and covered wells",,"rainwater,fixed tank",Public open well,,Tanker Service,,"Ojo de Agua, river or stream",,,Source protected or covered,,,
eau de robinet dans le logement,public fountain /tank,public borehole,"Water from hand-dug, non-reinforced and covered wells",,"rainwater,fixed tank ",public shallow well,,tanker supply/water vendor,,Open pond,,,Source protegee,,,
Eau de robinet dans le logement,Public jet/stream,Public borehole,well in house/garden,,rcolha de agua da chuva,public tank or well,,Tanker truck,,open water,,,source protegee,,,
eau de robinet dns le logement,Public office,public hand pump,well in house/yard/plot,,Recoveryof rainwater,public trad. well,,tanker truck,,"Outside the field- Rain water, river, canal, creek or ditch",,,source protegeee,,,
Eau de robinet dns le logement,Public outdoor tap or borehole,Public Hand-pump,"well in res, yard",,roof top,public traditional well,,tanker truck                              {from 61},,"Outside the home but within the field- Rain water, river, canal, creek or ditch",,,source proteg‚e,,,
eau du robinet,public piped network,Public handpump,well in resid./plot,,"Tank, cistern (rainwater?)",public well,,tanker truck /peddler,,"per carry river, canal or stream",,,source protegée/amenagee,,,
eau du robinet dans la cour,Public Stand Pipe,public handpump,well in residence,,unprotected rainwater collection,Public Well,,tanker truck /vendor,,pond,,,source protégé,,,
eau du robinet dans la cour/concession,public stand pipe,Public or privateborehole,Well in residence,,"unprotected, rain water",Public well,,tanker truck vendor,,Pond,,,source protégée,,,
eau du robinet dans la cours,public stand-pipe,public pump,well in residence/garden,,"vat, drum",Public well (un-protected),,"Tanker truck, other vendor",,pond  / lake,,,stone tap (dhara),,,
eau du robinet dans le lgt,Public standpipe,public well w /pump,well in residence/yard/compound,,"Vat, drum",Public well (unprotected),,"tanker truck, other vendor",,pond / lake,,,stone tap/dhara,,,
eau du robinet dans le logement,public standpipe,public well w/pump,Well in residence/yard/plot,,water in drums/big cans,Public well or tank,,"Tanker Truck, Vender or  Otherwise bought",,pond /dam/lake,,,"trae,comp. de vecino",,,
eau du robinet dans logement,Public Standpipe,public/neighbor's tubewell,Well in the house/ patio,,Well or cistern,public well or tank,,"Tanker truck, vendor",,pond /lake,,,"Trae,comp. de vecino",,,
eau du robinet ds le logement,public standpipe or hand pump,puit ... pompe,Well in the yard,,Água da chuva,"public well, cement, not covered",,"Tanker Truck, Vendor",,pond /tank/lake,,,water factory,,,
entrega de agua a domicilio (pipa),Public standpipe or handpump,puits a pompe,well in yard,,,"public well, traditional",,"tanker truck, vendor",,pond lake,,,water in house,,,
faucet in residence,public tab,puits a pompe/forage,well in yard (spring),,,public well/tank,,"Tanker truck, vendor or otherwise bought",,"Pond, lake",,,water plant,,,
faucet not in reside,Public tab,Puits a pompe/forage,well into dwelling/yard/plot,,,public- well or tank,,"tanker truck, vendor or otherwise bought- hh member goes to collect",,"pond, lake",,,water purification station,,,
general network,public tab/standpipe,puits avec pompe,well into residence/dwelling,,,puit non protegee,,"tanker truck, vendor or otherwise bought- vendor brings to hh",,"pond, rever, or stream",,,water purifier,,,
General network- building tap,Public tap,puits equipe de pompe,well protected,,,puits,,"tanker truck, vendor, or otherwise bought",,"pond, river or stream",,,water station,,,
General network- tap outside the building,Public Tap,puits moderne/forage,Well sani-tary,,,Puits,,tanker truck/ cistern,,"Pond, River or Stream",,,Water supply at home,,,
General network-tap house,public tap,puits … pompe/forage,well water (residence or yard),,,puits ds la conces,,tanker truck/bowser,,"Pond, river or stream",,,water supply is close to the building,,,
Govt. to house,public tap / neighbors house,puits à pompe,well with cover,,,Puits non protege,,tanker truck/cart with tank/drum,,"pond, river, or stream",,,wather from neighbors,,,
heighbour's tap,public tap or standpipe,puits à pompe/forage,Well without Pump Covered,,,puits non protege,,tanker truck/oth veh,,"pond, river, stream",,,well (in concession),,,
individual connection to network,Public tap or standpipe,"Puits, forage",well- covered,,,puits non proteg‚,,tanker truck/peddler,,"pond,lake",,,well /spring inside,,,
indoor faucet,public tap treated,pump,ÿprotected external well                  {from 23},,,puits non proteg‚e,,tanker truck/water vendor,,"pond,river or stream",,,well in compound,,,
Indoor Plumbing,public tap untreated,Pump,ÿprotected public well                    {from 22},,,puits non protégé,,tanker vendor,,Pond/ Lake,,,well in dwelling,,,
indoor plumbing,public tap water,pump (out of conc),ÿprotected well in residence/yard/plot    {from 21},,,Puits ordinaires,,"tanker,truck,other v",,pond/ lake,,,well in residence /garden,,,
indoor tap/pipe,Public tap water,Pump well,protected well into yard/plot ,,,puits public,,Tanker-Truck,,pond/dam/lake,,,well in residence/yard/plot,,,
Inside Tap,public tap/ standpipe,pumped well,others protected well,,,puits sans pompe,,tanker-truck,,Pond/Dam/Lake,,,well inside dwelling,,,
Into dwelling pipe,Public tap/basin/tank,pumps,protected well  to yard ,,,puits trad.prot‚g‚ ou non prot‚g‚,,tanker-truck vendor,,Pond/Dighi,,,Wells(in hh),,,
Jet/stream exclusive use,public tap/stand-pipe,Shallow tubewell,"protected well, hand pump ",,,puits.public/priv.,,"tanker-truck, vendor",,Pond/Ditch/Canal/River,,,ÿwell in residence/yard/plot,,,
la red publica de otra vivienda,public tap/standpipe,shallow tubewell,,,,puits/source/metfia/duer,,"Tanker-truck, vendor",,pond/lake,,,ÿû well in neighbor' residence,,,
"la red publica, dentro de la vivienda",Public tap/standpipe,shalow tubewell,,,,regular well,,"tanker-truck,vendor",,Pond/Lake/Dam,,,ÿû well in residence,,,
"la red publica, fuera de la vivienda pero dentro del terreno",public taps/standpipe,surging well (drilled and cased),,,,Sem bomba manual,,Tanker/ Truck,,pond/lake/dam,,,neighbor's house,,,
Llave dentro de la vivienda,Public water shared,Tube well,,,,semi-protected well,,tanker/truck/vendor,,pond/swamp/reservoir,,,,,,
llave dentro de la vivienda,"public, standpipe",tube well,,,,supply public well or tank,,Tanquero,,pond/tank/lake,,,,,,
Llave fuera de la propiedad a 100 M o mas,public- stand pipe,tube well or borehole,,,,surface well/other w,,tanquero,,Pond/tank/lake,,,,,,
Llave fuera de la propiedad a menos de 100 M,public-tap outside,tube well/abesin pum,,,,Surface well/other well,,tap retail,,Ponds/rivers/streams,,,,,,
llave fuera de la vivienda pero dentro de la propiedad,puesto publico,tube well/bore hole with pump,,,,surface well/other well,,truck,,pool or pond,,,,,,
Llave fuera de la vivienda pero dentro de la propiedad,Puesto publico,Tube well/bore hole with pump,,,,tiene agua de un pozo,,Truck,,"por acarreo de un arroyo, jaguey, rio, etcetera",,,,,,
naighbor's tap,puesto público,tube well/borehole,,,,trad. public well,,Truck / wagon,,protected pond,,,,,,
neighbor - piped,robinet public,tube well/borehole with pump,,,,trad. well in resid.,,truck borne,,protected surface water {cg},,,,,,
Neighbor pipe,Robinet public/borne fontaine,Tube-well,,,,traditional public well,,truck tank,,"public fountain, well, river, etc",,,,,,
neighbor pipe,robinet public/borne fontaine,tube-well/borehole,,,,Traditional well,,"Truck, cart or pipe",,public reservoir,,,,,,
neighbor's faucet,Since public or private,Tube-well/deep tube-well,,,,traditional well in the yard,,"Truck,Tank",,Quebra-da river or lake,,,,,,
Neighbor's plumbing,spring /public fountain,tube/piped well,,,,ubprotected well,,Truck-bourne 5,,resevoir,,,,,,
neighbor's tap,spring/public fountain,tubed/piped public well or bore hole,,,,un pozo,,vendeur d'eau,,Rio Lago Vertiente,,,,,,
"neighbor's tap, nawasa (others recode)",Stand pipe,Tubed/Piped Well or  Borehole,,,,uncovered well,,vendor,,rio ou riacho,,,,,,
"neighbor's tap, source unknown (others recode)",Stand pipe in house,tubed/piped well or bore hole in dwelling/yard,,,,Uncovered Well,,vendor = cart with small tank,,Rio ou Riacho,,,,,,
Neighbour's tap,stand pipe out plot,tubed/piped well or borehole,,,,underground spring,,Vendor or bowser or bottled,,"rio, acequia",,,,,,
neighbour's tap,Stand pipe outside,Tubed/piped well or borehole,,,,underground water,,"Vendor, truck",,"rio, acequia ",,,,,,
neighbours tap,Stand pipe outside plot,tubewell,,,,underground water (> 5 meters),,vendor/truck,,"rio, acequia manant.",,,,,,
other piped source,Stand pipe within plot,Tubewell,,,,unprotectd well,,water carrier/tanker,,"rio, acequia, manant",,,,,,
"other source, by tub",Standpipe,tubewell in yard/plot,,,,Unprotected Dug Well,,water from a truck,,"rio, acequia, manantial, ojo de agua",,,,,,
"other source, piped",standpipe in plot,tubewell with powered pump,,,,unprotected dug well,,water from vendor,,"Rio, acequia, manantial, ojo de agua",,,,,,
otra fuente por tub.,Standpipe outside plot/lolwapa,"tubewell, borehole with pompe",,,,Unprotected dug well,,water merchant from covered well,,"rio, lago o man.",,,,,,
otra fuente por tuberia,Standpipe within plot/lolwapa,"tubewell, borehole with pump",,,,unprotected public well,,water merchant from pond/lake,,"RIO, LAGO O MAN.",,,,,,
otra fuente por tubería,Standpiped,"tubewell, hand pump",,,,Unprotected Well,,water merchant from tradit. well,,"rio, lago o manantial",,,,,,
"otra fuente, por tuberia",street fountains,Tubewell/Borehole,,,,unprotected well,,water merchant from unknown source,,"RIO, LAGO, ACEQUIA",,,,,,
"Otra fuente, tuber¡a",Supply water/Tap,Tubewell/borehole,,,,Unprotected well,,water sale by company,,"rio, lago, manantial",,,,,,
"otra fuente, tuber¡a",Tap Inside Compound- Public,tubewell/borehole,,,,unprotected well in dwelling/yard/plot,,water seller,,"Rio, manantial o quebrada",,,,,,
"otro fuente, tiber¡a",Tap Outside Compound- Public Tap,tubewell/borehole with hand pump,,,,"Unprotected well, spring",,water truck,,"rio, manantial, agua de superficie",,,,,,
outdoor plumbing by your house,tiene agua de una llave publica o hidrante,tubewell/borehole with pump,,,,"Unprotected well, spring or rain",,Water truck,,"Rio, manantial, agua de superficie",,,,,,
outside faucet,Torneira Publica,tubewell/handpump,,,,unprotected well/rain water,,"Water truck, waterman",,"rio, quebrada, arroyo",,,,,,
outside pipe,torneira publica,water from covered well or borehole,,,,Unprotected well/rainwater,,water truck/tanker service,,"rio, vertiente",,,,,,
outside private pipe/tap,Torneira pública/fontanário,water pump,,,,unprotected wells,,Water truck/water seller,,"rio, vertiente, o acequia",,,,,,
outside private tap,TUBERIA DE USO PUBLICO,Water pumped from deep drill wells,,,,Wall,,water trucks,,"Rio,lago vertiente",,,,,,
Outside the field- public Network,un llave publica o hidrante,water pumped from deep drill wells,,,,Water from hand-dug and reinforced wells,,water vender,,"RIO,LAGO, MANANTIAL",,,,,,
Outside the home but within the field- public Network,una llave publica o hidrante,well equipped with pump,,,,"Water from hand-dug, non-reinforced and uncovered wells",,Water vendor,,Rio/Acequia/Manantial,,,,,,
own syst,ÿpublic tap,well pump,,,,"water from hand-dug, non-reinforced and uncovered wells",,water vendor,,rio/acequia/manantial,,,,,,
Own tap,ÿpublic tap                               {from 12},well w /manual pump,,,,water from open well or borehole,,Water vendor (person selling water),,RIO/MANANTIAL,,,,,,
Pipe,ÿreseller from public tap                 {from 51},well w/manual pump,,,,water from well,,"Water vendor bowser, bottled",,RIO/VERTIENTE,,,,,,
pipe,ÿû public tap,well water with pump,,,,water well by your house,,water-carrier/tanker,,rio/vertiente,,,,,,
pipe borne water not treated,,well with electrical pump,,,,well,,water-tanker,,Rio/Vertiente/Acequia/Canal,,,,,,
Pipe borne water treated,,Well with handpump,,,,Well,,Watertanktruck,,rio/vertiente/acequia/canal,,,,,,
pipe borne water treated,,well with handpump,,,,well (non-borehole),,sales company of water,,River,,,,,,
Pipe borne water untreated,,Well with Pump,,,,well (out of conc),,vendor: cart with small tank,,River,,,,,,
Pipe bourne water treated,,well with pump,,,,well <=200m,,,,river,,,,,,
pipe in neighbouring household,,Well with pump,,,,well >200m,,,,river / stream,,,,,,
Pipe Inside the house,,"well, manual pump",,,,Well or borehole,,,,river /canal,,,,,,
Pipe inside the house,,Well/borehole,,,,well or water wheel,,,,river /stream,,,,,,
pipe into dwelling,,Well/Handpump,,,,well outside residence,,,,River /Stream,,,,,,
pipe into dwelling (own artesian),,,,,,Well superficial,,,,River bed,,,,,,
pipe outside dwelling,,,,,,Well unprotected rim,,,,river or creek,,,,,,
pipe outside plot,,,,,,well w /o manual pump,,,,River or Lake,,,,,,
Pipe outside the home but inside the building,,,,,,well w/o handpump,,,,River or stream,,,,,,
Pipe outside the house,,,,,,well w/o manual pump,,,,river or stream,,,,,,
Pipe outside the Housing,,,,,,well water,,,,River stream,,,,,,
Pipe Private well,,,,,,well water with winch,,,,river stream,,,,,,
pipe water,,,,,,well without cover,,,,river water,,,,,,
Pipe(red) outsidethe house buton the ground,,,,,,well without electrical pump,,,,"River, creek",,,,,,
Pipe(red)inside the house,,,,,,well without handpum,,,,"river, creek",,,,,,
Pipe-borne inside  house,,,,,,Well without handpump,,,,"River, Dam, Lake, and so on",,,,,,
Pipe-borne inside dwelling,,,,,,well without handpump,,,,"River, dam, lake, etc.",,,,,,
pipe-borne outside dwelling,,,,,,well without hndpump,,,,"river, lake",,,,,,
pipe-borne outside house,,,,,,well without pump,,,,"river, lake or spring water",,,,,,
Piped,,,,,,Well without pump,,,,"river, lake, creek, spring",,,,,,
piped,,,,,,Well without pump uncovered,,,,"River, lake, pond",,,,,,
piped  - into yard/plot,,,,,,Well(outside hh),,,,"river, lake, pond",,,,,,
piped  outside dwelling,,,,,,"well, no pump",,,,"River, lake, pond or similar",,,,,,
piped - internal,,,,,,"Well, unprotected",,,,"river, lake, pond or similar",,,,,,
piped - into dwelling,,,,,,well- uncovered,,,,"river, lake, pond, irrigation channel",,,,,,
piped - into yard/plot,,,,,,well-inside house,,,,"river, lake, pond, or similar",,,,,,
piped - yard tap,,,,,,well-outside house,,,,"river, lake, roof, irrigation canal",,,,,,
Piped bourne water untreated,,,,,,well-tank,,,,"river, lake, sea",,,,,,
piped elsewhere,,,,,,well/river,,,,"River, lake, spring",,,,,,
Piped In,,,,,,well/tank,,,,"river, lake, spring, marsh",,,,,,
Piped in dwelling,,,,,,wells,,,,"river, lake, spring, pond",,,,,,
piped in dwelling,,,,,,Wellsin the vicinity,,,,"River, Lake, Tidal",,,,,,
Piped in Dwelling,,,,,,ÿpublic well,,,,"river, pond",,,,,,
Piped in dwelling or,,,,,,ÿunprotected external well                {from 33},,,,"river, pond, lake {cg}",,,,,,
piped in dwelling or on premises,,,,,,ÿunprotected public well                  {from 32},,,,"river, spring",,,,,,
piped in dwelling/yard/plot,,,,,,ÿunprotected well in residence/yard/plot  {from 31},,,,"River, Spring, Lake & Other",,,,,,
piped in house,,,,,,ÿû public well,,,,"river, spring, stream",,,,,,
piped in residence,,,,,,public unprotected well,,,,"River, spring, surface water",,,,,,
piped in yard,,,,,,public and others unprotected well ,,,,"river, spring, surface water",,,,,,
piped in yard /plot,,,,,,unprotected well into yard,,,,"river, spring,stream",,,,,,
piped in yard/plot,,,,,,unprotected well to yard,,,,"river, stream",,,,,,
Piped indoor,,,,,,,,,,"River, stream",,,,,,
Piped indoors,,,,,,,,,,"River, stream, creek",,,,,,
piped indoors,,,,,,,,,,"River, stream, or well",,,,,,
Piped Inside DU,,,,,,,,,,"river, stream, pond, lake",,,,,,
piped inside dwel.,,,,,,,,,,"river, tank, etc",,,,,,
piped inside dwell.,,,,,,,,,,"River,dam lake",,,,,,
piped inside dwelling,,,,,,,,,,"River,Lake,Unp Sprng",,,,,,
Piped inside dwelling,,,,,,,,,,"river,spring,pond /ma",,,,,,
piped inside dwelln',,,,,,,,,,"river,spring,surf. w",,,,,,
Piped inside the house- Drilling motor pump,,,,,,,,,,"river,spring,surf. w ",,,,,,
Piped inside the house- Drilling with hand pump,,,,,,,,,,"river,spring,surf. w ",,,,,,
Piped inside the house- public Network,,,,,,,,,,"river,spring,surface",,,,,,
"Piped inside the house- Rain water, river, canal, creek or ditch",,,,,,,,,,"river,spring,surface ",,,,,,
Piped inside the house- Transport by tanker,,,,,,,,,,"river,stream",,,,,,
Piped inside the house- well,,,,,,,,,,"river,stream ",,,,,,
piped into backyard,,,,,,,,,,River/ Canal,,,,,,
"piped into building, but not into dwelling treated",,,,,,,,,,River/ Stream,,,,,,
"piped into building, but not into dwelling untreated",,,,,,,,,,river/ stream,,,,,,
piped into compound,,,,,,,,,,River/Canal,,,,,,
piped into compound/plot,,,,,,,,,,river/canal,,,,,,
piped into courtyard,,,,,,,,,,river/canal/lake,,,,,,
piped into dweling,,,,,,,,,,river/canal/lake/pond,,,,,,
piped into dwelling,,,,,,,,,,river/canal/tank,,,,,,
Piped into Dwelling,,,,,,,,,,river/canal/weir,,,,,,
Piped into dwelling,,,,,,,,,,river/dam/,,,,,,
Piped into dwelling or compoun,,,,,,,,,,river/dam/lake/pond/stream/canal/irrigation channel,,,,,,
Piped into dwelling or compound,,,,,,,,,,river/dam/lake/ponds/stream/canal/irirgation channel,,,,,,
piped into dwelling treated,,,,,,,,,,river/dam/lake/ponds/stream/canal/irrigation channel,,,,,,
piped into dwelling untreated,,,,,,,,,,river/lake,,,,,,
Piped into dwelling- private,,,,,,,,,,river/lake/creek,,,,,,
Piped into dwelling- private (including private catchment),,,,,,,,,,river/lake/pond,,,,,,
Piped into dwelling- public,,,,,,,,,,River/spring,,,,,,
Piped into dwelling/compound,,,,,,,,,,river/steam/pond,,,,,,
piped into house,,,,,,,,,,river/strea/pond/lake/dam,,,,,,
piped into house/compound/plot,,,,,,,,,,River/stream,,,,,,
piped into house/yard/plot,,,,,,,,,,river/stream,,,,,,
piped into household/yard,,,,,,,,,,river/stream not protected,,,,,,
piped into neighbor' yard/plot {cg},,,,,,,,,,River/Stream/Canal,,,,,,
piped into neighborhood,,,,,,,,,,river/stream/creak/pond/stream,,,,,,
piped into neighbourhood,,,,,,,,,,river/stream/creek,,,,,,
piped into own dwelling,,,,,,,,,,river/stream/creek/pond/spring,,,,,,
piped into own residence/yard/plot,,,,,,,,,,River/stream/dam,,,,,,
piped into plot/yard,,,,,,,,,,river/stream/lake,,,,,,
piped into premises,,,,,,,,,,river/stream/lake/pond,,,,,,
"piped into res, yard",,,,,,,,,,river/stream/pond/lake,,,,,,
piped into residence,,,,,,,,,,river/stream/pond/lake/dam,,,,,,
Piped into Residence,,,,,,,,,,river/stream/spring,,,,,,
Piped into residence,,,,,,,,,,River/stream/spring/lake,,,,,,
piped into residence /garden,,,,,,,,,,River/stream/water hole,,,,,,
Piped into residence/ yard/ plot/ compound,,,,,,,,,,river/surface water,,,,,,
piped into residence/plot,,,,,,,,,,Rivers,,,,,,
piped into residence/yard,,,,,,,,,,Rivers or lakes,,,,,,
piped into residence/yard/compound,,,,,,,,,,"rivers, lakes, ponds",,,,,,
piped into residence/yard/plot,,,,,,,,,,riviere,,,,,,
Piped into residence/yard/plot,,,,,,,,,,"riviere, lac, source, marigot",,,,,,
piped into someone else's yard/plot,,,,,,,,,,RiviŠre,,,,,,
piped into tap in yard/plot,,,,,,,,,,"riviŠre, ruisseau",,,,,,
piped into yard,,,,,,,,,,riviŠre/ruisseau,,,,,,
Piped Into Yard,,,,,,,,,,"R¡o, acequia",,,,,,
Piped into yard,,,,,,,,,,"r¡o, acequia",,,,,,
piped into yard /plot,,,,,,,,,,"r¡o, acequia, manant",,,,,,
piped into yard or plot,,,,,,,,,,"r¡o, estanque",,,,,,
Piped into yard or plot,,,,,,,,,,"R¡o,acequia,manantia",,,,,,
piped into yard or plot ìî¨øø©ø¨,,,,,,,,,,"r¡o,acequia,manantia",,,,,,
piped into yard/ plot treated,,,,,,,,,,"río, lago o manantial",,,,,,
piped into yard/ plot untrated,,,,,,,,,,"río, quebrada, lago, ojo de agua o manantial",,,,,,
piped into yard/lot,,,,,,,,,,"Río, vertiente, quebrada, lluvia",,,,,,
Piped into yard/plot,,,,,,,,,,"río, vertiente, quebrada, lluvia",,,,,,
piped into yard/plot,,,,,,,,,,"Río, vertiente, quebrada, lluvia ",,,,,,
piped into yard/plot/building,,,,,,,,,,río/acequia/manantial,,,,,,
piped into yard/spot,,,,,,,,,,río/quebrada/arroyo,,,,,,
piped not in residen,,,,,,,,,,sand river (riverbed,,,,,,
piped onto property,,,,,,,,,,Sand river (riverbed),,,,,,
piped out of resid.,,,,,,,,,,"sea, lake",,,,,,
piped outdoors,,,,,,,,,,Sourceor river,,,,,,
Piped outdoors,,,,,,,,,,spring /river/stream,,,,,,
piped outside,,,,,,,,,,Spring or river,,,,,,
piped outside compound,,,,,,,,,,"spring, lake, river, pond",,,,,,
Piped Outside DU,,,,,,,,,,"spring, river, lake",,,,,,
piped outside dwel.,,,,,,,,,,"spring, river, lake, pond",,,,,,
piped outside dwell.,,,,,,,,,,"spring, river, lake, pond ",,,,,,
piped outside dwellg,,,,,,,,,,"Spring, river, stream",,,,,,
Piped outside dwelling,,,,,,,,,,"Spring, river, stream, canal",,,,,,
piped outside dwelling,,,,,,,,,,"spring, river, stream, rain",,,,,,
piped outside dwelling / within resinct,,,,,,,,,,"spring, river, string",,,,,,
piped outside dwelling but within buikding,,,,,,,,,,"spring,river,creek",,,,,,
"Piped outside dwelling, in building",,,,,,,,,,Spring/river,,,,,,
piped outside reside,,,,,,,,,,spring/river,,,,,,
piped outside residence,,,,,,,,,,spring/river/lake/pond,,,,,,
Piped outside the building or lot,,,,,,,,,,Spring/river/pond,,,,,,
Piped outside the dwelling,,,,,,,,,,Stagnant water,,,,,,
Piped Outside/communal standpipe,,,,,,,,,,stream,,,,,,
piped public /private,,,,,,,,,,Stream,,,,,,
piped public/private,,,,,,,,,,stream or river,,,,,,
piped supply outside neighbourhood,,,,,,,,,,"Stream, lake, river",,,,,,
piped supply outside of neighborhood,,,,,,,,,,stream/pond/river,,,,,,
piped surface water in house /garden,,,,,,,,,,stream/river,,,,,,
piped surface water in house/garden,,,,,,,,,,Stream/River,,,,,,
piped to neighbour,,,,,,,,,,Stream/Spring water,,,,,,
piped to public tap,,,,,,,,,,stream/spring/well,,,,,,
piped to resid./plot,,,,,,,,,,streams,,,,,,
Piped to yard/plot,,,,,,,,,,surface /other well,,,,,,
piped to yard/plot,,,,,,,,,,Surface water,,,,,,
Piped Water,,,,,,,,,,surface water,,,,,,
Piped water,,,,,,,,,,"surface water (river, dam,lake,stream...)",,,,,,
piped water,,,,,,,,,,"surface water (river, lake, pond)",,,,,,
piped water  (piped into residence or yard),,,,,,,,,,"surface water (river, stream, dam, lake",,,,,,
piped water at neighbour's,,,,,,,,,,"surface water (river, stream, dam, lake, etc.)",,,,,,
Piped Water Community,,,,,,,,,,surface water (river/dam),,,,,,
Piped Water Community,,,,,,,,,,surface water (river/dam/lake/pond/stream/canal/irrigation c,,,,,,
Piped water exclusive,,,,,,,,,,surface water (river/dam/lake/pond/stream/canal/irrigation channel,,,,,,
piped water from rural system,,,,,,,,,,surface water (river/dam/lake/pond/stream/canal/irrigation channel),,,,,,
piped water from utility company,,,,,,,,,,surface water (river/stream/creek/lake/,,,,,,
Piped water in dwelling,,,,,,,,,,surface water (river/stream/creek/lake/pond/canal),,,,,,
piped water in house/garden,,,,,,,,,,"surface water (spring, river, pond, lake)",,,,,,
piped water in residence,,,,,,,,,,"surface water(iver, stream,dam etc)",,,,,,
piped water in site/yard,,,,,,,,,,"surface water(river,stream,dam etc)",,,,,,
piped water indoors,,,,,,,,,,surface water(river/dam/lake/pond/stream/canal/irrigation ch,,,,,,
piped water inside,,,,,,,,,,"surface water, spring, river, stream",,,,,,
Piped water inside,,,,,,,,,,surface/other well,,,,,,
Piped water inside building,,,,,,,,,,Surfase water,,,,,,
piped water inside dwelling,,,,,,,,,,tank/pond/reservoir,,,,,,
piped water inside house,,,,,,,,,,"tiene agua de un rio, arroyo, lago u otro",,,,,,
Piped water inside house,,,,,,,,,,"un rio, arroyo, lago u otro",,,,,,
piped water inside the house,,,,,,,,,,"un rio, arroyo, o lago",,,,,,
Piped water into dwelling unit,,,,,,,,,,"un río, arroyo, lago u otro",,,,,,
piped water into residence,,,,,,,,,,uncovered pool,,,,,,
piped water into residence/yard/compound,,,,,,,,,,unprotected pond,,,,,,
Piped water on community supply,,,,,,,,,,water containers,,,,,,
Piped water on housing unit,,,,,,,,,,"water from a well, river, lake, stream, or other",,,,,,
Piped water on neighbour's housing unit,,,,,,,,,,Water taken directly from pond-water or stream,,,,,,
Piped water on premises,,,,,,,,,,well or river,,,,,,
Piped Water on Premises,,,,,,,,,,"Água do rio, lagoa",,,,,,
Piped Water on Premises,,,,,,,,,,ÿdam,,,,,,
piped water on site or in yard,,,,,,,,,,ÿpond/lake,,,,,,
piped water outdoors,,,,,,,,,,ÿriver/stream,,,,,,
piped water outisde on premises,,,,,,,,,,ÿriver/stream                             {from 42},,,,,,
piped water outside,,,,,,,,,,ÿû dam,,,,,,
Piped water outside,,,,,,,,,,ÿû lake,,,,,,
Piped water outside  on premises,,,,,,,,,,ÿû river,,,,,,
piped water outside dwelling,,,,,,,,,,spring/stream/waterhole,,,,,,
Piped water outside house,,,,,,,,,,,,,,,,
Piped water outside housing unit,,,,,,,,,,,,,,,,
piped water outside lot,,,,,,,,,,,,,,,,
piped water outside premises,,,,,,,,,,,,,,,,
"piped water outside structure, but within lot",,,,,,,,,,,,,,,,
"piped water outside the house, but within the field",,,,,,,,,,,,,,,,
Piped water shared,,,,,,,,,,,,,,,,
Piped water through house connection or yard,,,,,,,,,,,,,,,,
piped water to bring another home,,,,,,,,,,,,,,,,
Piped water within house,,,,,,,,,,,,,,,,
piped water within premises,,,,,,,,,,,,,,,,
piped water within structure,,,,,,,,,,,,,,,,
Piped waterthe neighbors,,,,,,,,,,,,,,,,
piped well/piped in dwelling/public tap,,,,,,,,,,,,,,,,
Piped within the building or plot of land,,,,,,,,,,,,,,,,
"Piped, exclusively to this household",,,,,,,,,,,,,,,,
"piped, inside house",,,,,,,,,,,,,,,,
"piped, outside house",,,,,,,,,,,,,,,,
"Piped, shared with other households",,,,,,,,,,,,,,,,
Pipes within the Housing,,,,,,,,,,,,,,,,
pirvate piped into yard,,,,,,,,,,,,,,,,
plumbing,,,,,,,,,,,,,,,,
Plumbing in the house,,,,,,,,,,,,,,,,
"Plumbing of the house, inside the property",,,,,,,,,,,,,,,,
Power supply (with installation inside the house)- Acueduct IDAAN,,,,,,,,,,,,,,,,
Power supply (with installation inside the house)- particularly aqueduct,,,,,,,,,,,,,,,,
Power supply (with installation outside the house)- Acueduct IDAAN,,,,,,,,,,,,,,,,
Power supply (with installation outside the house)- particularly aqueduct,,,,,,,,,,,,,,,,
private catchment piped,,,,,,,,,,,,,,,,
Private catchment piped,,,,,,,,,,,,,,,,
"Private catchment, piped",,,,,,,,,,,,,,,,
private connection to pipeline,,,,,,,,,,,,,,,,
Private Outdoor Faucet,,,,,,,,,,,,,,,,
private outside tap,,,,,,,,,,,,,,,,
private pipe,,,,,,,,,,,,,,,,
Private Pipe to dwelling,,,,,,,,,,,,,,,,
Private piped (tap) water in housing unit,,,,,,,,,,,,,,,,
Private piped (tap) water outside housing unit,,,,,,,,,,,,,,,,
Private piped dwelling,,,,,,,,,,,,,,,,
Private piped in,,,,,,,,,,,,,,,,
Private piped into dwelling,,,,,,,,,,,,,,,,
Private Piped into Dwelling,,,,,,,,,,,,,,,,
private piped into dwelling,,,,,,,,,,,,,,,,
private piped into yard,,,,,,,,,,,,,,,,
private tap,,,,,,,,,,,,,,,,
Private tap in yard,,,,,,,,,,,,,,,,
Private tap water,,,,,,,,,,,,,,,,
private tap water,,,,,,,,,,,,,,,,
private water piped into the household,,,,,,,,,,,,,,,,
private water piped outside the household,,,,,,,,,,,,,,,,
"Private, piped into dwelling",,,,,,,,,,,,,,,,
"private, piped into dwelling",,,,,,,,,,,,,,,,
private- piped into dwelling,,,,,,,,,,,,,,,,
private/ piped into yard,,,,,,,,,,,,,,,,
public into yard,,,,,,,,,,,,,,,,
public network,,,,,,,,,,,,,,,,
Public network in the house,,,,,,,,,,,,,,,,
Public Network Out the Home but Inside the Building,,,,,,,,,,,,,,,,
Public Pipe inside unit,,,,,,,,,,,,,,,,
Public pipe to dwelling,,,,,,,,,,,,,,,,
Public pipe to yard,,,,,,,,,,,,,,,,
public piped,,,,,,,,,,,,,,,,
Public piped dwelling,,,,,,,,,,,,,,,,
public piped in dwelling,,,,,,,,,,,,,,,,
public piped in yard,,,,,,,,,,,,,,,,
Public piped into dwelling,,,,,,,,,,,,,,,,
public piped into dwelling,,,,,,,,,,,,,,,,
Public Piped into Dwelling,,,,,,,,,,,,,,,,
Public piped into dwelling/yard,,,,,,,,,,,,,,,,
Public Piped into Yard,,,,,,,,,,,,,,,,
Public piped into yard,,,,,,,,,,,,,,,,
public piped into yard,,,,,,,,,,,,,,,,
Public Piped into yard,,,,,,,,,,,,,,,,
public piped into yard or plot,,,,,,,,,,,,,,,,
public piped into yardd,,,,,,,,,,,,,,,,
public piped water,,,,,,,,,,,,,,,,
public piped water outside house/garden,,,,,,,,,,,,,,,,
Public Piped yard,,,,,,,,,,,,,,,,
public tap/neighbours house,,,,,,,,,,,,,,,,
Public water exclusive,,,,,,,,,,,,,,,,
public water piped into the household,,,,,,,,,,,,,,,,
public water piped outside the household,,,,,,,,,,,,,,,,
"public, piped into dwelling",,,,,,,,,,,,,,,,
"public, piped into yard",,,,,,,,,,,,,,,,
Public- piped into dwelling,,,,,,,,,,,,,,,,
public- piped into yard,,,,,,,,,,,,,,,,
public/nieghbor's tap,,,,,,,,,,,,,,,,
red dentro de la vivienda,,,,,,,,,,,,,,,,
red fuera pero dentro del edificio,,,,,,,,,,,,,,,,
Red privada,,,,,,,,,,,,,,,,
RED PUB. DENTRO VIV.,,,,,,,,,,,,,,,,
red pub. dentro viv.,,,,,,,,,,,,,,,,
RED PUB. FUERA VIV.,,,,,,,,,,,,,,,,
red pub. fuera viv.,,,,,,,,,,,,,,,,
red pub. fuera vivienda,,,,,,,,,,,,,,,,
red publica,,,,,,,,,,,,,,,,
Red publica acueducto,,,,,,,,,,,,,,,,
red publica acueducto,,,,,,,,,,,,,,,,
red publica y carro repartidor,,,,,,,,,,,,,,,,
Red p£bl. dentro,,,,,,,,,,,,,,,,
Red p£bl. fuera,,,,,,,,,,,,,,,,
red p£blica (acqed),,,,,,,,,,,,,,,,
red p£blica (acued),,,,,,,,,,,,,,,,
Red p£blica en viv.,,,,,,,,,,,,,,,,
red p£blica en viv.,,,,,,,,,,,,,,,,
red p£blica fuera v.,,,,,,,,,,,,,,,,
Red p£blica fuera v.,,,,,,,,,,,,,,,,
red p£blica(acueduc),,,,,,,,,,,,,,,,
Red p£blica(acueduc),,,,,,,,,,,,,,,,
Red pública,,,,,,,,,,,,,,,,
"red pública fuera de la vivienda, pero dentro del terreno",,,,,,,,,,,,,,,,
robinet chez le voisin,,,,,,,,,,,,,,,,
robinet dans cour/parcelle,,,,,,,,,,,,,,,,
robinet dans logement,,,,,,,,,,,,,,,,
robinet dedans,,,,,,,,,,,,,,,,
robinet dehors,,,,,,,,,,,,,,,,
robinet ds la conces,,,,,,,,,,,,,,,,
robinet ds logement,,,,,,,,,,,,,,,,
robinet en logement,,,,,,,,,,,,,,,,
robinet en parcelle,,,,,,,,,,,,,,,,
Robinet intérieur partagé,,,,,,,,,,,,,,,,
Robinet intérieur propre,,,,,,,,,,,,,,,,
robinet voisin,,,,,,,,,,,,,,,,
run water(in conces),,,,,,,,,,,,,,,,
running for several households,,,,,,,,,,,,,,,,
running water,,,,,,,,,,,,,,,,
Running water,,,,,,,,,,,,,,,,
running water in apartment/house,,,,,,,,,,,,,,,,
running water in the home,,,,,,,,,,,,,,,,
running water in the yard,,,,,,,,,,,,,,,,
Running water inside the dwelling,,,,,,,,,,,,,,,,
running water inside the dwelling,,,,,,,,,,,,,,,,
Running water on property,,,,,,,,,,,,,,,,
running water outside the dwelling,,,,,,,,,,,,,,,,
Running water outside the dwelling,,,,,,,,,,,,,,,,
Running water within unit,,,,,,,,,,,,,,,,
rural (local) plumbing,,,,,,,,,,,,,,,,
rural aqueduct,,,,,,,,,,,,,,,,
rural/priv. aqueduct,,,,,,,,,,,,,,,,
spring water piped into house/garden,,,,,,,,,,,,,,,,
tap,,,,,,,,,,,,,,,,
Tap,,,,,,,,,,,,,,,,
Tap at home,,,,,,,,,,,,,,,,
Tap From Other Individuals/Institutions,,,,,,,,,,,,,,,,
tap in compound,,,,,,,,,,,,,,,,
"tap in compound, private",,,,,,,,,,,,,,,,
"tap in compound, shared",,,,,,,,,,,,,,,,
tap in courtyard,,,,,,,,,,,,,,,,
tap in dwelling,,,,,,,,,,,,,,,,
tap in house,,,,,,,,,,,,,,,,
Tap in yard,,,,,,,,,,,,,,,,
Tap Inside Compound- Private,,,,,,,,,,,,,,,,
tap inside the house,,,,,,,,,,,,,,,,
Tap inside the house,,,,,,,,,,,,,,,,
Tap Inside the House,,,,,,,,,,,,,,,,
tap outside compound,,,,,,,,,,,,,,,,
Tap Outside Compound- Shared,,,,,,,,,,,,,,,,
tap water,,,,,,,,,,,,,,,,
tap water inside the dwelling,,,,,,,,,,,,,,,,
tap water meter,,,,,,,,,,,,,,,,
tap water outside the dwelling,,,,,,,,,,,,,,,,
tap water- treated,,,,,,,,,,,,,,,,
tap water- untreated,,,,,,,,,,,,,,,,
Tapin the yard,,,,,,,,,,,,,,,,
Tapinto the slot,,,,,,,,,,,,,,,,
Tekuca voda u dvoristu,,,,,,,,,,,,,,,,
Tekuca voda u stanu,,,,,,,,,,,,,,,,
The aqueduct in backyard,,,,,,,,,,,,,,,,
"The aqueduct, public key",,,,,,,,,,,,,,,,
"The aqueduct, within housing",,,,,,,,,,,,,,,,
"The aqueduct,public key",,,,,,,,,,,,,,,,
The aqueductin the house,,,,,,,,,,,,,,,,
tiene agua de la red publica de otra vivienda,,,,,,,,,,,,,,,,
tiene agua de la red publica dentro de la vivienda,,,,,,,,,,,,,,,,
"tiene agua de la red publica fuera de la vivienda, pero dentro del ter",,,,,,,,,,,,,,,,
tiene agua de una pipa,,,,,,,,,,,,,,,,
torneira do vizinho,,,,,,,,,,,,,,,,
"tuberia (red), dentro de la vivienda",,,,,,,,,,,,,,,,
tuberia de un chorro publico,,,,,,,,,,,,,,,,
Tuberia dentro de la vivienda,,,,,,,,,,,,,,,,
tuberia dentro de la vivienda,,,,,,,,,,,,,,,,
TUBERIA DENTRO DE VIVIENDA,,,,,,,,,,,,,,,,
TUBERIA EN CASA,,,,,,,,,,,,,,,,
tuberia en el patio,,,,,,,,,,,,,,,,
TUBERIA EN PATIO,,,,,,,,,,,,,,,,
tuberia fuera de la vivienda,,,,,,,,,,,,,,,,
tuberia fuera de la vivienda pero en el terreno,,,,,,,,,,,,,,,,
"Tuberia fuera de la vivienda, pero dentro del terreno",,,,,,,,,,,,,,,,
TUBERIA FUERA DE VIVIENDA,,,,,,,,,,,,,,,,
tuberia publica,,,,,,,,,,,,,,,,
tubería al hogar,,,,,,,,,,,,,,,,
tubería dentro de la vivienda,,,,,,,,,,,,,,,,
tubería en el patio o lote,,,,,,,,,,,,,,,,
tubería en el patio/parcela,,,,,,,,,,,,,,,,
tubería en la casa,,,,,,,,,,,,,,,,
una pipa,,,,,,,,,,,,,,,,
urban plumbing,,,,,,,,,,,,,,,,
water pipe,,,,,,,,,,,,,,,,
With pipe in the house from another source,,,,,,,,,,,,,,,,
With pipe in the house of river or spring,,,,,,,,,,,,,,,,
With pipe in the house private system,,,,,,,,,,,,,,,,
With pipe in the house public system,,,,,,,,,,,,,,,,
With pipe in the house street vendors,,,,,,,,,,,,,,,,
With pipe in the house Well winch,,,,,,,,,,,,,,,,
With pipe in the house well with electric pump,,,,,,,,,,,,,,,,
With pipe in the house well with hand pump,,,,,,,,,,,,,,,,
With pipe outside the dwelling but within the propertyfrom another source,,,,,,,,,,,,,,,,
With pipe outside the dwelling but within the propertyof river or spring,,,,,,,,,,,,,,,,
With pipe outside the dwelling but within the propertyprivate system,,,,,,,,,,,,,,,,
With pipe outside the dwelling but within the propertypublic system,,,,,,,,,,,,,,,,
With pipe outside the dwelling but within the propertystreet vendors,,,,,,,,,,,,,,,,
With pipe outside the dwelling but within the propertyWell winch,,,,,,,,,,,,,,,,
With pipe outside the dwelling but within the propertywell with electric pump,,,,,,,,,,,,,,,,
With pipe outside the dwelling but within the propertywell with hand pump,,,,,,,,,,,,,,,,
With pipes outside the property at less than 100 meters from another source,,,,,,,,,,,,,,,,
With pipes outside the property at less than 100 meters of river or spring,,,,,,,,,,,,,,,,
With pipes outside the property at less than 100 meters private system,,,,,,,,,,,,,,,,
With pipes outside the property at less than 100 meters public system,,,,,,,,,,,,,,,,
With pipes outside the property at less than 100 meters street vendors,,,,,,,,,,,,,,,,
With pipes outside the property at less than 100 meters Well winch,,,,,,,,,,,,,,,,
With pipes outside the property at less than 100 meters well with electric pump,,,,,,,,,,,,,,,,
With pipes outside the property at less than 100 meters well with hand pump,,,,,,,,,,,,,,,,
With pipes outside the property to more than 100 meters from another source,,,,,,,,,,,,,,,,
With pipes outside the property to more than 100 meters of river or spring,,,,,,,,,,,,,,,,
With pipes outside the property to more than 100 meters private system,,,,,,,,,,,,,,,,
With pipes outside the property to more than 100 meters public system,,,,,,,,,,,,,,,,
With pipes outside the property to more than 100 meters street vendors,,,,,,,,,,,,,,,,
With pipes outside the property to more than 100 meters Well winch,,,,,,,,,,,,,,,,
With pipes outside the property to more than 100 meters well with electric pump,,,,,,,,,,,,,,,,
With pipes outside the property to more than 100 meters well with hand pump,,,,,,,,,,,,,,,,
"Yes, piped water",,,,,,,,,,,,,,,,
Água canalizada dentro da casa,,,,,,,,,,,,,,,,
Água canalizada fora da casa,,,,,,,,,,,,,,,,
Água canalizada no quintal,,,,,,,,,,,,,,,,
ÿpiped into residence,,,,,,,,,,,,,,,,
ÿpiped into residence                     {from 11},,,,,,,,,,,,,,,,
ÿû piped into neighbor' residence,,,,,,,,,,,,,,,,
ÿû piped into own residence,,,,,,,,,,,,,,,,
piped from the neighbor,,,,,,,,,,,,,,,,
