pubsewer,septic,pourflush,simplepit,vip,composting,bucket,openlatrine,hanging,opendef,othersan,missingsan,improvedothersan,unimprovedothersan,halfimprovedsan,unknownsan
....flush - to piped sewer system,....flush -  to septic tank,....flush - don't know,....pit latrine - with slab,(vip) latrine/blair toilet,3. Letrina abonera,bacin,....pit latrine - without slab,"a quebrada, rio, lago",(Bush/field) No facility,7 Other,BO,1 No toilet in the house,Any facility shared with other households,PLACEHOLDER,PLACEHOLDER
..modern flush toilet,2. Inodoro conectado a pozo séptico,....flush - to pit latrine,close pit,....pit latrine - ventilated improved,5 Dry pit latrine,balde,..pit toilet\latrine,beach/sea,....not facility,8. Otro,disposicion de sanitario no especificado,BANO MODERNO,"barrel, tank","toilet without flush, don't know where",
1. Inodoro conectado a alcantarilla,6. Letrina con pozo séptico,..traditional with bucket flush,closed latrine,aqua-privy,6 Dry raised latrine,balde o bacinilla,1. Letrina (Fosa),closet over sea or water,..no facility,Autre,dk,bathroom without running water,Bathroomwithoutlavatory,,
2 Flush connected to public sewerage,7. Letrina con pozo negro,..traditional with tank flush,Closed pit,Blair,abonera,"balde, cubeta","A hole, digging in the ground","connected to river, creek",0. No tiene,autre,Don t know,Bathroomwith toilet,collective toilet,,
A public network (sewer),A cesspool,2. Inodoro (De lavar),closed pit,blair toilet,Chemical toilet,bowl/bucket,basic pit,Descargan en el rio o quebrada,8. Letrina abonera,autre ( a preciser),don't know,borehole,communal toilet,,
alba¤al,A septic tank and cesspool,3 Flush connected to pit,closed pit latrine,Blair toilet,composite toilet,bucket,cement open pit,descargan en el rio o quebrada,a la calle o al aire libre,autre (preciser),don't know/missing,chemical toilet,Gifili,,
Alcantarillado,BANO C/POZO CIEGO,"3. Inodoro con desagüe a río, laguna, mar",closed pit toilet,communal vip,composting latrine- exclusive,Bucket,cement openpit,directo ao rio mar ou lago,AIRE LIBRE,autre … pr‚ciser,inconnu,drenaje,gutter/drain,,
alcantarrillado publico,bano moderado con pozo ciego,4 Flush connected to open drain,covered hole,communal VIP,composting latrine- shared,bucket latrine,Common Latrine,drop /overhang,Beach,Autres,lavaka voavoatra,excusado,has no drainage,,
Alcantarrillado publico,baño con pozo ciego,"4. Letrina con descarga a río, laguna, mar",covered latrine,evacuación a letrina,Composting Toilet,Bucket latrine (where fresh excreta are manually removed),Common latrine-exclusive home,drop /overhang type,botadero,autres,manquant,Excusado,in residence public,,
baÑo moderado conectado a red publica,Baño moderno con pozo ciego,5. Letrina con cierre hidráulico,Covered pit,evacuación a otro lugar,composting toilet,bucket toilet,Common-latrine shared with another household,drop/hanging toilet,Botadero,"Non-flush, other and unspecified",Manquant,excusado lavable,Inodoro colectivo,,
baño conectado a red pública,black hole or blind well to other,aqua privy,Covered pit latrine,fos. amel./latrine,composting toilet/arbo loo,Bucket toilet,communal latrine,drop/overhang,Bush,"non-flush, other and unspecified",manquant ou nsp,excusado o sanitario sin conexion de agua,inodoro compartido,,
Baño moderno letrina a red pública,black hole or blind well to septic tank,Avec chasse d'eau,covered pit latrine,improved (ventilated) pit latrine,covered dry latrine,bucket type,communal pit,excusado que da a rio o quebrada,bush,"non-flush, other and unspecified ",Missing,excusado o sanitario sin conexion de agua,inodoro publico,,
black hole or blind well to piped public drainage,Camara septica,bathroom with running water,Covered Pit latrine,improved - ventilated,Covered dry latrine (with privacy),"bucket, pan",communal pit latrine,hanging latrine,bush / field,"not connected, non-flush, other and unspecified",missing,excusado sin conexion de agua,Inodoro Publico,,
chase d'eau avec égout ou avec fosse septique,camara s‚ptica,bucket flush,Covered pit latrine (with slab),improved pit latrine (e.g.. vip),double vault compost latrine,bucket/pan,communal pit toilet,Hanging latrine,bush /field,Ostalo,missing/don't know,"have toilet, type not specified",inside house shared,,
chasse branchee a egout,Camara séptica,cemented with sink,Covered pit latrine (without slab),"improved pit latrine (i,e,, vip)",dry latrine,bucket/pan toilet,de hueco o letrina,hanging letrine (colgante),bush /forest/yard,Other,nao sabe,"Have toilet, type not specified",Municipal-type toilet shared with another household,,
Chasse branchee a l'egout,Camara Séptica,chasse avec fossee,covered pit latrine no slab,improved pit latrine (vip),Dry pit latrine,bucket/tin/other container,De hueco o letrina,hanging pit latrine,"bush, forest, yard",other,ne sait pas,household non-flush,no flush,,
chasse branchee a l'egout,capped septic tank/western toilet,Chasse branchee a autre chose,covered pit latrine with slab,improved pit latrine - with ventilation (VIP),dry pit latrine,household bucket,descarga para latrina,hanging toilet,bush/field,OTHER,NIU (not in universe),in residence /private,"no flush, outside house, public restroom",,
chasse branchée a l'égoût,cess pool,chasse branchee a autre chose,"covered pit latrine, no slab",KVIP,Dry pit- Private,letrina de cubo (los excrementos se retiran manualmente),dump,hanging toilet / hanging latrine,bush/field (abonera),"other (e.g., temple latrine)",no answer or dk,in residence/private,no private toilet,,
chasse d'eau avec egouts ou avec fosse sceptique,cesspit,chasse branchee a endroit inconnu,"covered pit latrine, with slab",kvip,Dry pit- Shared,pail,earth open pit,Hanging toilet or over water,bush/forest,Other (specify),no dejure resident,inodoro,no sewage connection,,
chasse d'eau avec egouts ou fosse sceptique,cesspool,Chasse branchee a endroit inconnu,dearan/sahrah (area in compount-but not pit),latrina melhorada,Dry raised latrine,pail/bucket,earth openpit,Hanging toilet/ hanging latrine,bush/forest/yard/field/no facility,other (specify),no response,INODORO,not connected,,
chasse d'eau avec egouts ou fosse septiques,cesspool or latrine,chasse branchee a fosses simples,Enclosed pit latrine,latrine a evacuation,dry raised latrine,pail/bucket latrine,edicule publict latrine,hanging toilet/ hanging letrine,Bush/river,Other (Specify),No Response / Blank,INODORO,Not connected to sewage disposal system,,
chasse eau avec egouts ou fosse,"Cesspool, cess pit, septic pit",chasse branchee a latrines,FOSA SIMPLE,latrine a fosse ventillee),dry toilet,pan,ex.co. sans ch d eau,Hanging toilet/hanging latrine,bush/river,other and none,No toilet/not stated,Inodoro,other - to hole,,
chasse raccordee & l'egout,"cesspool, cess pit, septic pit",Chasse branchee a latrines,Fosse etanche,latrine améliorée à ventillation,enviro-loo communal,Pan,ex.pr. sans ch d eau,hanging toilet/hanging latrine,bushes/forest/yard,other place,non de jure resident,Inodoro individual,out/public,,
chasse raccordee … l'egout,Cesspoolor latrine,chasse branchee a un endroit inconnu,fosse ‚tanche,latrine avec dalle ventill‚e,latrine seches traditionnelles,pan or bucket,Exclusive Latrine,hanging toilet/latrine,"capim, mato, ar livre",other specify,noresponse,inodoro privado,outside house,,
cloaca o tanque septico,Chasse branchee a fosse septique,chasse branchee aux latrines,improved latrine,latrine … ventilation,latrine with composting facility,Pan or bucket,Exclusive Pit Latrine,"inodoro, que descarga en rio o quebrada",Dans la  Nature,Other type,not a dejure resident,Inodoro Privado,"outside house , shared",,
"com fosse de esgotos (pia,sanita)",chasse branchee a fosse septique,chasse branchée a autre chose,improved latrines,latrine … ‚vacuation,letrina abonera,pan/bucket,excusado o letrina,"Inodoro, que descarga en rio o quebrada",Dans la nature,other type of toilet,not available,Inodoro(lavable),"outside house, no flush",,
Community sewerage system,chasse branchée a fosse septique,chasse branchée a endroit inconnu/pas sure,improved pit latrine,latrine à évacuation,letrina abonera seca con plataforma para sentarse,pots de champbre,excusado o letrina con tratamiento,latrine over river/lake,dans la nature,Other Types,not de jure resident,inside dwelling,outside public,,
Conectado a alcantarillado sanitario,chasse branchée a puits perdu,chasse branchée a endroit inconnu/pas sûre,improved pit toilet latrine,latrines  a evacuation,letrina abonera seca sin plataforma para sentarse,private pan,excusado o letrina sin tratar,latrine overhanging field or water,Defecation in field/ outsied the house,other types,not de-jure resident,inside house,PLACEHOLDER,,
conectado a alcantarillado sanitario,chasse d'eau ou fosse septique,chasse d'eau,Improved Vault Latrine,latrines a evacuation,letrina seca cubirta (con intimidad),sceau,Excusado o letrina sin tratar,latrine overhanging water (for hh living on boat),descargan en el patio,Other used facility,not dejure member,Inside house(exclusive,publ (street) toilet,,
conectado a la red publica,com fossa septica e poco roto,chasse d'eau en com.,Latrina melhorada,latrines ameliorees a ventilation,own enviro-loo,seau,Excvusado o letrina con tratamiento,no tiene sanitario/usa el río,Descargan en el patio,Other without septic  tank,not dejure resident,"inside house, no flush",public,,
Connected  to sewerage,conectado a tanque séptico,chasse d'eau person.,Latrina tradicional melhorada,latrines ameliorees a ventillation,pit latrine ventilated compost,seaux/tinettes,fossa rudimentar,other - to river/lake/ocean,does not have,Other without septic tank,not known,interieur,Public,,
connected to a public sewerage plant,Conectado a tanque séptico,collec. flush toilet,latrine avec dalle non ventill‚e,Latrines ameliorees auto aerees (LAA),"Pit latrine, ventilated compost",Seaux/tinettes,Fossa Rudimentar,pond,does not have sanitary service,others,not specified,latrine with siphon,public  toilet,,
connected to open sewer,conectado a una fosa septica,communal flush,Latrines couvertes,latrines ameliorees auto aerees (laa),toilet para compostación (fertilizante),service or bucket latrine where excreta are manually removed,fosse,pond/lake,don't use a toilet,Others,Not Stated,loo,Public toilet,,
Connected to sewage system or septic tank,connected to drainage system used only by this household,communal flush toilet,latrines couvertes,latrines amelior‚es (vip),toilettes a compostage,,fosse improvis‚e,rio o quebrada,field,others (specify),not stated,modern,public toilet,,
connected to sewage system or septic tank,connected to septic tank,communal/shared flush toilet,latrines tradionnelle couertes,latrines améliorées ventillées,Toilettes a compostage,,fosse sommaire,"rio, acequia, canal",Has not,otherwise,Not stated,Municipal-type toilet exclusive home,public toilet (flush/bucket/kvip),,
connected to sewer,connected to septic well,connected to rain water,latrines traditionnelle ameliorees,latrines e‚vacuation,Uncovered dry latrine (without privacy),,ground pit,"rios, ribeiros e linha de água",Households without toilet / latrine,Otra,Not stated/Do not know,"Ne, samo poljski WC",publictoilet,,
Connected to sewerage,"Da, septicka jama",drenaje al río o mar,Letrina colec c/caj,latrines … evacuation,mobile chemical toilet,,hole,river,jetces dans la nature,otra,Not stated/don't know,neighbor s toilet,Retrete sem autoclismo,,
"Da, javna kanalizacija",descargan en pozo ciego,ex.co. avec ch d eau,letrina compartida con cajon,letrina ventilada/mejorada,,,Holein the yard,river /canal,letrina al aire libre,otra forma,not stated/missing,neighbours toilet,share toilet,,
descarga para o sist.de esgoto ou fossa,Descargan en pozo ciego,ex.pr. avec ch d eau,letrina compartida con cajón,own vent. imp. lat.,,,household pit,river /creek/stream,"mato, praia ou campo",otro,NS,neighbours' toilet,share/public/other toilets,,
desgüe al sistema de alcantarillado,descargan en pozo septico,Exclusive Flush Toilet,letrina con taza/excusado,own ventilated improved pit latrine (VIP),,,In private-hole or latrine,river or creek,nearby (bush/beach/field),Otro,ns/nr,no flush toilet,shared,,
Drainage system,Descargan en pozo septico,excusado o sanitario con rubor o conexion de agua,letrina de hoyo o pozo negro con plataforma para sentarse,Own VIP,,,In shared-hole or latrine,"river, canal",NINGUNO,OTRO,nsp,No flush toilet,shared public,,
egout,desgüe a fosa séptica,Flash toilet,Letrina indiv c/caj,pit latrine - ventilated improved pit (vip),,,Katcha,"river, stream, creek",no,outras,NZ,"no flush, in house",Shared Public,,
evacuación a alcantarillado,direct on cesspool,flash toilet,letrina privada con cajon,Pit latrine ventilated and not elevated,,,Latrina não melhorada (laje),river/canal,no bathroom,Outro,não resposta,"no flush, in-house",shared toilet,,
excusado con conexion de agua,evacuación a pozo séptico,Flish conn. to open drain,letrina privada con cajón,pit latrine ventilated improved pit latrine,,,latrina seca/latrina com descarga manual,river/stream,No dispone,outro,Uninformed,no toilet in the house,Shared toilet,,
excusado conectado a alcantarrillado,excusado conectado a pozo ciego,flish conn. to open drain,letrina sanitaria,Pit latrine with ventilation pipe,,,latrina tradicional,river/stream/creek,no dispone de servicio sanitario,outros,Unknown,No toilet in the household,shared WC,,
excusado o sanitario con conexion de agua,excusado conectado a pozo septico,flish toilet,letrina solar con plataforma para sentarse,"Pit latrine, ventilated and elevated",,,latrina tradicional ou cerco,river/stream/creek,no disponen de servicio sanitario,,unknown,no toilet in the household,"Shared, public",,
excusado y alcantarillado,excusado conectado a una fosa septica,flush,Long drop latrine inside house,"Pit latrine, ventilated and not elevated",,,latrine,stream/river,no fac. /bush/field,,unspecified,"no, only Polish WC","shared, public",,
EXCUSADO Y ALCANTARILLADO,excusado o sanitario conectado a una fosa septica,Flush,non-vip pit latrine with slab,"pit latrine, ventilated improved",,,latrine,toilet colgante,no fac./bush/field,,,Non flushed toilet,"shared, without septic tank",,
flush - to piped sewer system,excusado y pozo ciego,Flush (Manual),pit latrine - with slab,Pit/Blair toilet,,,Latrine,toilet directly over the water,no facilities,,,"not connected, have toilet, type not specified",shared/public,,
Flush conn. to public sewerage,excusado y pozo septico,Flush (Mechanical),pit latrine - with slab,shared vent. imp lat,,,latrine  traditionnelles non couvertes,Toilet discharge in river or creek,No facilities,,,"not connected, no flush toilet",toilet in common,,
flush conn. to public sewerage,EXCUSADO Y POZO SEPTICO/CIEGO,flush - don't know where,pit latrine - with slab,v.i.p. latrine,,,latrine a fosse,toilet on water,No facilities (open defecation),,,Offline,Toilet or w.c.collective use,,
flush connected to public sewerage,flush - to septic tank,flush - to pit latrine,pit latrine w. slab and foot rest,vent. imp. pit latr.,,,latrine collective use,"toilet to creek, open space",no facilities or bush or field,,,Ordinary Vault Latrine,uso comun,,
flush connected to sewer/with septic tank,flush to septic,flush - to somewhere else,pit latrine w. slab/cover and foot rest,vent. imp. pit latrine,,,latrine family use,toilet to river /lake,No facilities or bush or field,,,out/private,USO COMUN,,
Flush to piped sewage system,Flush to septic tank,flush conn. to pit,pit latrine water seal,vent.imp.pit latrine,,,Latrine forresidents andneighborhood,toilet to river/lake,"no facilities, bush",,,outside dwelling,Uso común,,
Flush to piped sewer system,flush to septic tank,Flush conn. to pit,pit latrine with drainage,Vent.imp.pit latrine,,,Latrine forresidents only,toilet/hanging latrine,"no facilities, bush",,,outside house exclusive,wc a l ext/collectif,,
flush to piped sewer system,flush toilet connected to a septic tank,flush connected to open drain,Pit latrine with Slab,vented improved pit latrine,,,latrine no-connected,toilette suspendues/latrines suspendues,"no facilities, bush, field",,,outside private,wc a l'ext. collect.,,
flush to piper sewer,flush toilet septic,flush connected to pit,Pit latrine with slab,ventil. improv. pit,,,latrine shared/general/other,Toilettes suspendues/latrines suspendues,No facilities/ bush/ field,,,own water closet,WC … l ext. collect.,,
flush to sewage,flush toilet to septic tank,flush don't know where,pit latrine with slab,Ventilated covered pit latrine,,,latrine to other,traditional toilet to sea/river (low tide),No facilities/bush,,,own WC,,,
flush to sewage system,flush with septic ta,Flush dont know where,pit latrine with slab and cover,ventilated improv pt,,,latrine traditionnelle,toilet hanging (on stilts),no facilities/bush/field,,,percolation pit latrine,,,
flush to sewage system or septic tank,Flush with Septic Tank Exclusive,flush latrine,pit latrine with slab that can not be washed,ventilated improved (vip),,,"latrine, community",,no facility,,,personal toilet,,,
flush to sewage system/septic tank,Flush with Septic Tank Shared,flush or pour flush toilet,Pit latrine with slab/closed pit,ventilated improved latrine,,,"Latrine, Pit",,no facility  / field,,,Priv. no septic tank,,,
flush to sewer,flush/cresspit,flush other,pit latrine with washable slab,ventilated improved pit,,,"latrine, private",,no facility (bush/field),,,private - without septic tank,,,
Flush to sewer,flush/pour-flash connected to a septic tank,flush other,pit latrine with watertight tank,ventilated improved pit (vip) latrine,,,latrine- exclusive,,no facility (bush/field),,,private no septic,,,
flush to sewer system,flush/pour-flashed connected to a septic tank,flush system,"pit latrine, with slab",ventilated improved pit (vip) latrines,,,latrine- shared,,no facility / bush / field,,,private toilet,,,
flush toilet (sewer),flust toilet (septic tank),flush to absorption pit,pit toilet with basinet (private),ventilated improved pit latrine,,,latrines,,no facility /bush,,,Private toilet,,,
flush toilet + sewer,fosa septica,flush to elsewhere,pit toilet with bassinet (shared),Ventilated Improved Pit Latrine,,,latrines a fosses/trou ouvert,,no facility /bush/field,,,private toilet with no septic tank,,,
flush toilet - sewer,Fossa Septica,flush to latrine,"priv latrine, box",Ventilated improved pit latrine,,,Latrines a fosses/trou ouvert,,No facility /bush/field,,,private toilet without septic tank,,,
flush toilet connected to sewer system,fossa septica,flush to pit,private latrine with slab,Ventilated Improved Pit latrine,,,latrines a trou ouvert (tranchée),,"No facility, bush",,,Private Toilet without Septic Tank,,,
flush toilet sewer,fosse d'aisance du latrine,flush to pit (latrine),Pucca (water sealed),ventilated improved pit latrine (laa),,,Latrines ordinaires,,"no facility, bush",,,"private toilet, inside house",,,
flush toilet to piped sewer system,fosse septique,Flush to pit (latrine),sealed pit,ventilated improved pit latrine (vip),,,latrines traditionelles,,"no facility, bush, field",,,"private toilet, outside house",,,
Flush toilet to sewer,Fosse septique,flush to pit latrine,share latrine with slab,Ventilated Improved Pit latrine (VIP),,,latrines traditionnelle ou non couverte,,"no facility, bush/field",,,private with no septic tank,,,
flush toilet with septic tank/sewage pipes,hole (pozo ciego),Flush to pit latrine,"share latrine, box",Ventilated Improved Pit Latrine (VIP),,,latrines traditionnelles,,"no facility, bush/field/public toilet",,,private without septic tank,,,
flush with sewer,household flush (connected to septic tank),flush to somewhere else,TASA CAMPESINA,ventilated improved pit toilet,,,Latrines traditionnelles réhab,,"no facility, nature",,,"private, without septic tank",,,
Flush/pour flush to piped sewer system,hoyo negro o pozo ciego,Flush to somewhere else,traditional covered latrine,ventilated improved pit/latrine (vip blair toilet),,,Letrina,,"no facility,bush",,,pvt. no septic tank,,,
flush/pour-flash connected to a piped sewer system,indoro/pozo septico,flush to unknown place,traditional pit toilet (covered),ventilated improved privy,,,LETRINA,,no facility/ bush/ field,,,Sanitary,,,
Flush/sewerage,Inodoro a fosa septica,flush to unknown place/not sure/dk where,uncovered pit latrine with slab,ventilated latrine,,,letrina,,no facility/ bush/ field/ river,,,sanitary platform latrine,,,
flushed to piped sewer system,inodoro a fosa septica,Flush to unknown place/not sure/dk where,"uncovered pit latrine, with slab",ventilated pit,,,letrina (fosa),,"no facility/bush, field",,,servicio sanitario exclusivo con admision no especificada,,,
Flushed to piped sewer system,inodoro a fosa séptica,flush toileet,water seal,ventilated pit latrine,,,letrina abierta,,no facility/bush/field,,,servicio sanitario exclusivo no especificado,,,
household flush (connected to municipal sewer),inodoro conectado a fosa septica,flush toilet,water sealed /slab,Ventilated pit latrine,,,Letrina colec s/caj,,No facility/bush/field,,,servicio sanitario exclusivo sin admision de agua,,,
Independent flush toilet inside house,inodoro conectado a sumidero o pozo septico,Flush toilet,water sealed /slab la,ventilated/improved pit latrine,,,letrina compartida sin cajon,,NO FACILITY/BUSH/FIELD,,,servicio sanitario sin conexion de agua,,,
Independent flush toilet outside house,"Inodoro, conectado a sumidero o pozo septico",Flush Toilet,water sealed/slab la,Ventilation Improved Pit latrine/KVIP,,,letrina compartida sin cajón,,no facility/bush/field/beach,,,silla turca,,,
indoro/alcantarillad,inodoro-pozo septico,flush toilet (private or shared unknown),Water sealed/slab latrine,Ventileted Improved pit latrine,,,LETRINA COMUN,,no facility/bush/field/river,,,Silla turca,,,
inodoro compartido  conectado al alcantarillado,Inodoro-pozo s‚ptico,flush toilet (rain water sewer),water sealed/slab latrine,Vertilated pit latrine,,,letrina comun,,no facility/bush/fld,,,sin servicio sanitario exclusivo,,,
inodoro con alcantarillado/pozo séptico,inodoro-pozo s‚ptico,flush toilet (rivers),water-sealed,VIDP latrine outsids house,,,letrina común,,no facility/field,,,soak away pit,,,
inodoro conectado a red de drenajes,latrine (ciego o negro),flush toilet (sink-sumidero),ÿown improved latrine,VIP,,,Letrina común,,no facility/uses bush/field,,,squatter,,,
inodoro o alcantarillado,latrine connected to a septic tank,flush toilet does not know connection,ÿshared improved latrine,vip,,,Letrina de fosa simple,,no hay sanitarios (defecación al aire libre),,,suilabh,,,
inodoro privado conectado al alcantarillado,Latrine orcesspool,flush toilet in another dwelling,pit latrine with washable slab*,VIP Fosse,,,letrina de hoyo o pozo negro sin plataforma para sentarse,,no hay servicio,,,throne,,,
inodoro que descarga en tuberia de aguas negras,latrine to septic tank,flush toilet in house,pit latrine with non-washable slab*,vip latrine,,,letrina descubierta (sin intimidad),,no latrine,,,toilet connected to plot/yard,,,
"inodoro, conectado a tuberia de aguas negras",letrina o pozo ciego,flush toilet not connected to sewer system,,VIP latrine,,,letrina expuesta,,No Latrine,,,toilet facility in another (different) dwelling,,,
"Inodoro, conectado a tuberias de aguas negras","Letrina, Pozo ciego, escusado",flush toilet private,,"VIP latrine, private",,,Letrina indiv s/caj,,no latrine used,,,toilet in another house,,,
Inodoro-alcantarill.,"letrina, pozo ciego, escusado",flush toilet shared,,"VIP latrine, shared",,,LETRINA MUNIC.,,no mato ou ar livre,,,toilet inside,,,
inodoro-alcantarill.,Modern flush to tank,flush toilet to pit latrine,,VIP toilet,,,letrina o hueco,,No Service,,,Toilet Inside the House,,,
latrine /sewer commun,other - to septic tank,flush toilet to somewhere else,,ÿventilated improved pit latrine,,,letrina privada sin cajon,,no service,,,Toilet or w.c. family use,,,
latrine /sewer privat,"other, to septic tank",flush toilet with connection to open water,,ecosan,,,letrina privada sin cajón,,no tiene,,,toilet outside,,,
latrine connected to sewer/with septic tank,own flush sepctic tank,flush toilet with drainage,,,,,letrina sin conexion de agua,,No tiene,,,Toilet Outside the House,,,
latrine to piped public drainage,own latrine with septic tank,Flush toilet with off-site disposal,,,,,letrina solar sin plataforma para sentarse,,NO TIENE,,,toilet to open drain,,,
latrine to sewer,poceta o pozo septico,Flush toilet with on-site disposal,,,,,Letrina tipo municipal,,no tiene al aire libre,,,toilet to open space,,,
letrina con conexion de agua,por fosa séptica,"flush toilet, private",,,,,letrina tipo municipal,,"no tiene excusado, retrete, sanitario, letrina u hoyo negro",,,toilet to other,,,
linked to sewer,por pozo resumidero,"Flush toilet, private",,,,,letrina tradicional,,No tiene sanitario,,,toilet to others,,,
Linked to sewer,pour flush (or flush) to septic tank or pit,"flush toilet, shared",,,,,letrina/fosa simple,,no tiene sanitario,,,toilet with hole,,,
Local Network,pour-flush latrine connected to septic tank,"Flush toilet, shared",,,,,letrine,,no tiene sanitario o matooral o campo,,,"toilet, no water",,,
Main Sewer,pozo ciego,"flush toilet,private",,,,,neighbor s latrine,,"no tiene sanitario, usa matorral/campo",,,Two or more WC inside,,,
Main sewer,Pozo ciego,"flush toilet,shared",,,,,neighbour's pit latrine,,no tiene servicio higienico,,,two or more wc inside,,,
modern flush,pozo ciego o negro,flush toilet: own,,,,,neighbour's/another household's pit latrine,,no tiene servicio sanitario,,,USO EXCLUSIVO,,,
modern flush to sewers,pozo negro o ciego,flush toilet: shared,,,,,"No, letrine only",,No tiene/al aire libre,,,uso exclusivo,,,
modern flush toilet,Pozo negro o ciego,flush unconnected to sewer/without septic tank,,,,,non covered latrine,,no toilet,,,Uso privado,,,
modern flush toilets,Pozo septico,flush w/o sewer,,,,,"Non-flush, latrine",,No toilet,,,w.c,,,
piped,Pozo séptico,"flush, don't know where",,,,,"non-flush, latrine",,No Toilet,,,w.c. not linked,,,
piped sewage system,Priv. w/septic tank,"flush, in house",,,,,"non-flush, latrine ",,No toilet / bush,,,Washable toilet,,,
pipeline that will give a gully or crack,private - with septic tank,"flush, in-house",,,,,non-ventilated pit latrine,,no toilet facilities,,,Water closet,,,
poceta a cloaca,Private Ceptic/Latrine,"flush, outside house, public restroom",,,,,non-vip pit latrine without slab,,no toilet facility,,,water closet,,,
por alcantarillado,private toilet with septic tank,Flush- shared,,,,,"not connected, non-flush, latrine",,No toilet facility,,,water closet (WC),,,
pour-flush latrine connected to public sewage network,private with septic,Flush-private,,,,,"Of hole, black hole or latrine",,"no toilet facility (bush,beach)",,,WC,,,
private connected to sewer,private with septic tank,Flushed toilet,,,,,open latrine,,"no toilet facility, bush, field",,,wc a l ext/prive,,,
private-Connected to sewer,"private, with septic tank",flushed/water sealed,,,,,Open latrine,,"no toilet facility, nature",,,wc a l interieur,,,
pub sewe,private-Connected to septic tank,"flust, don't know where",,,,,open pit,,"no toilet, in nature",,,wc a l'ext. priv‚,,,
public connected to sewer,Prive Toilet with Septic Tank,indoor flush toilet,,,,,Open pit,,"no toilet, use bush or field",,,wc a l'int. collect.,,,
Public Network,Puits perdu,indoor flush/pour flush toilet,,,,,open pit latrine,,no toilet/bush,,,wc a l'int. priv‚,,,
public network,pvt. w. septic tank,inodoro (de lavar),,,,,open pit toilet,,no toilet/field/bush,,,WC inside the house,,,
public service,sepctic tank,inodoro (lavable),,,,,open privy,,no toilet/field/forest,,,wc inside the house,,,
red publica dentro vivienda,septic,"inside house, flush",,,,,open toilet,,No toilet/open field,,,"wc outside, without piping",,,
red publica fuera de la vivienda,septic hole,Latri or toilette chasse manuelle,,,,,open well/hole in the ground,,no wc,,,"WC outside, without piping",,,
Red pública,septic pit,latrina com descarga de água,,,,,"open, rudimentary",,"No, nothing",,,WC … l ext. priv‚,,,
Rede de Esgoto,septic t,latrine with connection to open water,,,,,ordinary pit latrine,,"Nobathroom,notoilet andnotoilet",,,WC … l interieur,,,
rede de esgoto,Septic tank,latrine with manual flush,,,,,other latrine,,none,,,With bathroom and toilet,,,
Sanitary sewer or septic tank,septic tank,letrina con desagüe,,,,,other latrines,,None,,,Without Bathroom with toilet,,,
servicio sanitario exclusivo con admision directa de agua,Septic Tank,letrina con rubor,,,,,other pit latrine,,None (bush),,,without cement sink,,,
servicio sanitario tiene conexion de agua,Septic tank,Letrina hidraulica/tasa campesina,,,,,outdoor latrine,,"None,open fields",,,,,,
Sewage,septic tank (private sewage disposal,letrina hidraulica/tasa campesina,,,,,own latrine without septic tank,,None/not stated,,,,,,
sewage,Septic tank (private sewage disposal),neighbour's flush,,,,,Own pit latrine,,none/open field/bush,,,,,,
sewage system (public sewage disposal,septic tank /modern,neighbour's flush toilet,,,,,own pit latrine,,Not Applicable,,,,,,
Sewage system (public sewage disposal),septic tank /toilet,"not connected, flush toilet",,,,,own pit toilet /latrine,,"not connected, no toilet",,,,,,
Sewer,septic tank/modern toilet,"Not connected, flush toilet",,,,,OWN PIT TOILET/LATRINE,,"Not connected, no toilet",,,,,,
Sewer connected to toilet- exclusive,Septic tank/modern toilet,"outside house, flush",,,,,own pit toilet/latrine,,open air,,,,,,
Sewer connected to toilet- shared,septic tank/toilet,own flush toilet,,,,,own trad pit toilet,,open field,,,,,,
sewerage,septic well,Own flush toilet,,,,,own trad. pit toilet,,Open land,,,,,,
Sewerage,"shared, with septic tank",OWN FLUSH TOILET,,,,,own traditional pit toilet,,other - to pond/field rice,,,,,,
sewerage system,shared-Connected to septic tank,own flush toilet inside the house,,,,,pit,,other - to shore/open field,,,,,,
"shared with another household, connected to trainage system",sumidero o pozo séptico,own flush toilet outside the house,,,,,Pit,,pas de toil./ nature,,,,,,
shared-Connected to sewer,Toilet connected to septic tank for use by a family,own flush toilet outsite/yard,,,,,pit /latrine,,pas de toilette,,,,,,
"si, dentro de la viv",Toilet connected to septic tank for use by several families,own flust toilet into residence,,,,,pit latirne,,pas de toilette ou brousse ou champ,,,,,,
"si, fuera de la viv","Toilet connected to septic tank, exclusively",own pour flush,,,,,Pit Latrine,,"pas de toilette, dans la nature",,,,,,
sistema de esgoto ou fossa séptica,"Toilet connected to septic tank, for several households",pipe going to a river,,,,,Pit latrine,,pas de toilette/brousse/champ,,,,,,
Toilet connected to sewage system for use by a family,Toilet connected to Septic Tank- exclusive,pour flush,,,,,pit latrine,,pas de toilette/nature,,,,,,
Toilet connected to sewage system for use by several families,Toilet connected to Septic Tank- shared,pour flush (or flush) connected to sewerage,,,,,Pit latrine (traditional),,pas de toilettes ou brousse ou champ,,,,,,
toilet connected to sewer,toilet connected to septic well,pour flush latrine,,,,,pit latrine (traditional),,Pas de toilettes ou brousse ou champ,,,,,,
"Toilet connected to the network of uptake, exclusively",Toilet connected toseptic tank,Pour flush latrine,,,,,pit latrine - without slab / open pit,,pas de toilettes/brousse,,,,,,
"Toilet connected to the network of uptake, for several households",Toilet drain or discharge into septic tank,pour flush latrine (water seal type),,,,,pit latrine - without slab/open pit,,pas de toilettes/dans la nature,,,,,,
Toilet discharge sewage pipe,toilet to septic tank,pour flush latrine( water seal type),,,,,Pit latrine elevated,,pas de toillettes dans parcelle/brousse/champ,,,,,,
toilet to piped public drainage,toilet with septic tank,pour flush pit,,,,,Pit latrine inside home,,pas de toillettes ou brousse ou champ,,,,,,
toilet to sewer,toilet-septic tank,Pour-flush latrines for use by a family,,,,,Pit latrine not ventilated,,pas de w.c.,,,,,,
toilet with a water connection,w.c. cesspit or septic tank,Pour-flush latrines for use by several families,,,,,pit latrine outside home,,Pas de WC,,,,,,
toilet with piped sewage,W.C. linked to septic tank,private flush,,,,,pit latrine without slab,,Qualquer Lugar,,,,,,
Toiletconnected todrainage network,WC (Flush toilet) linked to septic tank,private flush toilet,,,,,pit latrine without slab / open pit,,qualquer lugar,,,,,,
tout a l'‚gout,WC cesspit or septic tank,PUBLIC FLUSH TOILET,,,,,pit latrine without slab or open pit,,Sea shore,,,,,,
tuberia a otra parte,WC Cesspit/Septic Tank,public flush toilet,,,,,pit latrine without slab/ open pit,,sin sanitario,,,,,,
W.C. Connected to the network published shared with another household,WC flush toilet linked to septic tank soak-away,Retrete com autoclismo,,,,,pit latrine without slab/open pit,,"sin toilet, campo",,,,,,
W.C. Connected to the network's exclusive publications home,WC linked to cesspit,servicio sanitario exclusivo con admision manual de agua,,,,,Pit latrine without slab/open pit,,There is no toilet,,,,,,
w.c. linked to sewer,WC linked to septic,servicio sanitario tiene le echan agua con cubeta,,,,,Pit latrine without ventilation pipe,,They have no toilet,,,,,,
W.C. linked to WASA sewer system,WC linked to septic tank,share flush toilet into residence,,,,,"Pit latrine, private",,Thrown intothe nature,,,,,,
WC (Flush toilet) linked to sewer,WC linked to Septic tank,share flush toilet outside/yard,,,,,"Pit latrine, shared",,yard/bush/forest,,,,,,
WC flush toilet linked to sewer,well-septic,shared flash toilet,,,,,"pit latrine, without slab/open pit",,ÿno facility/bush/field,,,,,,
WC linked sewer,"Yes, septic tank",shared flush otilet,,,,,Pit latrine/VIP,,ÿno facility/bush/field,,,,,,
WC linked to sewer,"yes, septic tank",Shared Flush Toilet,,,,,pit or hole,,,,,,,,
wc linked to sewer,,shared flush toilet,,,,,Pit toilet,,,,,,,,
WC Linked to Sewer,,SHARED FLUSH TOILET,,,,,pit toilet,,,,,,,,
"yes, public sewer",,Shared flush toilet,,,,,pit toilet /latrine,,,,,,,,
"Yes, public sewers",,shared flush toilet (w.c.),,,,,pit toilet latrine,,,,,,,,
,,Shared flush toilet outsids house,,,,,pit toilet latrine (private or shared unknown),,,,,,,,
,,shared pour flush,,,,,pit toilet without bassinet (private),,,,,,,,
,,"toilet, pour water bucket",,,,,pit toilet without bassinet (shared),,,,,,,,
,,toilette … chasse d'eau,,,,,"pit toilet, latrine",,,,,,,,
,,trad with bucket fl.,,,,,pit toilet/latrine,,,,,,,,
,,trad with tank flush,,,,,pit used to collect manure,,,,,,,,
,,trad. w bucket flush,,,,,pit with no ventilation,,,,,,,,
,,trad. w bucket flush,,,,,Pit without septic tank exclusive,,,,,,,,
,,trad. w tank flush,,,,,Pit without septic tank shared,,,,,,,,
,,traditional bucket flush,,,,,Pit-latrine,,,,,,,,
,,traditional tank flush,,,,,Pit-latrine/VIP,,,,,,,,
,,W.C. another drainage system shared with other home,,,,,Pit/latrine,,,,,,,,
,,W.C. another drainage system-exclusive Home,,,,,pit/latrine,,,,,,,,
,,washabletoilet,,,,,pit/latrine/vip,,,,,,,,
,,water flow do not know where,,,,,poco roto somente,,,,,,,,
,,wc flush outside home,,,,,"priv latrine, wo /box",,,,,,,,
,,WC flush toilet inside home,,,,,"priv latrine, wo/box",,,,,,,,
,,wc not  inked to sewer,,,,,private latrine,,,,,,,,
,,WC not linked,,,,,private latrine without slab,,,,,,,,
,,WC not linked to sewer,,,,,private pit toilet latrine,,,,,,,,
,,wc not linked to sewer,,,,,private pit/latrine,,,,,,,,
,,wc outside with piping,,,,,public latrine,,,,,,,,
,,"WC outside, with piping",,,,,public pit toilet /latrine,,,,,,,,
,,"wc outside, with piping",,,,,public pit toilet/latrine,,,,,,,,
,,ÿown flush toilet,,,,,PUBLIC PIT TOILET/LATRINE,,,,,,,,
,,ÿshared flush toilet,,,,,public pit/latrine,,,,,,,,
,,,,,,,Pucca (not water sealed),,,,,,,,
,,,,,,,rudimentary pit toilet latrine,,,,,,,,
,,,,,,,service latrine,,,,,,,,
,,,,,,,"share latrin, wo /box",,,,,,,,
,,,,,,,"share latrin, wo/box",,,,,,,,
,,,,,,,share latrine without slab,,,,,,,,
,,,,,,,share pit toilet/letrine,,,,,,,,
,,,,,,,shared household pit,,,,,,,,
,,,,,,,shared latrine,,,,,,,,
,,,,,,,Shared Pit Latrine,,,,,,,,
,,,,,,,shared pit toilet /latrine,,,,,,,,
,,,,,,,shared pit toilet latrine,,,,,,,,
,,,,,,,SHARED PIT TOILET/LATRINE,,,,,,,,
,,,,,,,shared pit toilet/latrine,,,,,,,,
,,,,,,,shared trad pit toil,,,,,,,,
,,,,,,,shared trad. pit,,,,,,,,
,,,,,,,shared traditional pit toilet,,,,,,,,
,,,,,,,simple latrine,,,,,,,,
,,,,,,,Simple pit latrine for use by a family,,,,,,,,
,,,,,,,Simple pit latrine for use by several families,,,,,,,,
,,,,,,,slit latrine,,,,,,,,
,,,,,,,Toilet or latrine,,,,,,,,
,,,,,,,toilet to pit,,,,,,,,
,,,,,,,Toilet/ latrine,,,,,,,,
,,,,,,,trad. own pit toilet,,,,,,,,
,,,,,,,trad. pit latrine,,,,,,,,
,,,,,,,trad. pit toilet,,,,,,,,
,,,,,,,Trad. pit toilet,,,,,,,,
,,,,,,,trad. shared pit toi,,,,,,,,
,,,,,,,trad.pit toilet,,,,,,,,
,,,,,,,tradicional pit toilet/latrine,,,,,,,,
,,,,,,,tradit. pit toilet,,,,,,,,
,,,,,,,traditional,,,,,,,,
,,,,,,,traditional latrine,,,,,,,,
,,,,,,,Traditional latrine,,,,,,,,
,,,,,,,traditional pip toilet,,,,,,,,
,,,,,,,Traditional Pit,,,,,,,,
,,,,,,,traditional pit latrine,,,,,,,,
,,,,,,,traditional pit toil,,,,,,,,
,,,,,,,traditional pit toilet,,,,,,,,
,,,,,,,traditional pit toilet (uncovered),,,,,,,,
,,,,,,,traditional pit toilet/latrine,,,,,,,,
,,,,,,,traditional pit/latrine unconnected to sewer/without septic,,,,,,,,
,,,,,,,Tranch,,,,,,,,
,,,,,,,trou ouvert,,,,,,,,
,,,,,,,uncovered latrine,,,,,,,,
,,,,,,,uncovered open pit,,,,,,,,
,,,,,,,Uncovered pit,,,,,,,,
,,,,,,,Uncovered pit latrine,,,,,,,,
,,,,,,,uncovered pit latrine,,,,,,,,
,,,,,,,uncovered pit latrine no slab,,,,,,,,
,,,,,,,"uncovered pit latrine, no slab",,,,,,,,
,,,,,,,unsealed tank or pit,,,,,,,,
,,,,,,,unventilated latrine,,,,,,,,
,,,,,,,vala aberta,,,,,,,,
,,,,,,,Vala Aberta,,,,,,,,
,,,,,,,"vala negra, aberta",,,,,,,,
,,,,,,,valas a céu aberto,,,,,,,,
,,,,,,,ÿown rudimentary latrine,,,,,,,,
,,,,,,,ÿown traditional latrine,,,,,,,,
,,,,,,,ÿshared rudimentary latrine,,,,,,,,
,,,,,,,ÿshared traditional latrine,,,,,,,,
,,,,,,,ÿtraditional pit toile,,,,,,,,
,,,,,,,ÿtraditional pit toilet,,,,,,,,
,,,,,,,pit latrine without slab/open pit*,,,,,,,,
